id,company,title,season,season_inferred,seasons,program,remote,category,location,sponsorship,h1b_approvals,salary,skills,posted_at,posted_at_source,first_seen_at,url
ashby:n1:afe7deb5-9cfd-4926-bcb4-058d418592a6,N1,"Software Engineer Intern (Backend, Rust)",Not stated,True,,Internship,,Software,New York City,unknown,,,Rust; C++,2026-08-19T19:57:20.073+00:00,exact,2026-08-19T20:13:56Z,https://jobs.ashbyhq.com/n1/afe7deb5-9cfd-4926-bcb4-058d418592a6
greenhouse:detroitlions:4723291005,Detroit Lions,Quantitative Research Intern,Not stated,True,,Internship,,Quant,"Allen Park, MI 48101",unknown,,,Python,2026-08-19T12:42:06-04:00,exact,2026-08-19T16:58:58Z,https://job-boards.greenhouse.io/detroitlions/jobs/4723291005
greenhouse:generalmatter:5377118008,General Matter,Summer 2027 Internship - Software Engineering,Summer 2027,False,,Internship,,Software,"Los Angeles, CA",unknown,,$32–$46/hr,Python; C++; Linux,2026-08-19T18:16:14-04:00,exact,2026-08-19T22:52:54Z,https://job-boards.greenhouse.io/generalmatter/jobs/5377118008
smartrecruiters:InfiniteQuant:744000144281579,InfiniteQuant,Quantitative Developer - Internship - Summer 2027,Summer 2027,False,,Internship,yes,Quant,"New York, New York, United States (Remote)",unknown,,,Python; C++,2026-08-19T10:29:47.844Z,exact,2026-08-19T10:57:48Z,https://jobs.smartrecruiters.com/InfiniteQuant/744000144281579
workday:copart:/job/Dallas-TX---Headquarters/Site-Reliability-Engineer-Intern_JR110631,Copart,Site Reliability Engineer Intern,Not stated,True,,Internship,,Software,"Dallas, TX - Headquarters",unknown,83,,Python; AWS; GCP; Kubernetes; Linux,2026-08-19T00:00:00Z,date_only,2026-08-19T22:14:30Z,https://copart.wd12.myworkdayjobs.com/copart/job/Dallas-TX---Headquarters/Site-Reliability-Engineer-Intern_JR110631
workday:globalhr:/job/US-IA-CEDAR-RAPIDS-107--400-Collins-Rd-NE--BLDG-107/Software-Engineering-Intern--Summer-2027-_01868241,RTX,Software Engineering Intern (Summer 2027),Summer 2027,False,,Internship,,Software,US-IA-CEDAR RAPIDS-107 ~ 400 Collins Rd NE ~ BLDG 107,unknown,,,Python; C++; Git,2026-08-19T00:00:00Z,date_only,2026-08-19T14:12:49Z,https://globalhr.wd5.myworkdayjobs.com/Private_Posting_No_TMP/job/US-IA-CEDAR-RAPIDS-107--400-Collins-Rd-NE--BLDG-107/Software-Engineering-Intern--Summer-2027-_01868241
workday:moog:/job/Buffalo-NY/Intern--IT-Computer-Science_R-26-19378,Moog,"Intern, IT Computer Science",Fall 2026,False,,Internship,,Software,"Buffalo, NY",unknown,2,,SQL,2026-08-19T00:00:00Z,date_only,2026-08-19T17:52:54Z,https://moog.wd5.myworkdayjobs.com/moog_external_career_site/job/Buffalo-NY/Intern--IT-Computer-Science_R-26-19378
greenhouse:gardacp:6146213004,Garda Capital Partners,Software Engineer Intern,Not stated,True,,Internship,,Software,"New York, New York, United States",unknown,6,,Python; SQL,2026-08-18T16:01:53-04:00,exact,2026-08-18T20:51:25Z,https://job-boards.greenhouse.io/gardacp/jobs/6146213004
oracle:egug.fa.us2.oraclecloud.com:26011015,American Express,"Campus Undergraduate Summer Internship Program - 2027 Software Engineer, Enterprise Technology Services- Sunrise, FL",Summer 2027,False,,Internship,,Software,"Sunrise, FL, United States",unknown,133,,Python; Java; C#; Go; TypeScript; JavaScript; Swift; Kotlin,2026-08-18,date_only,2026-08-18T15:05:36Z,https://egug.fa.us2.oraclecloud.com/hcmUI/CandidateExperience/en/sites/CX_1/job/26011015
oracle:ejhp.fa.us6.oraclecloud.com:2621017,Sherwin-Williams,Year-Round IT Database Engineer Co-Op,Not stated,True,,Co-op,,Software,"Cleveland, OH, United States",unknown,94,,,2026-08-18,date_only,2026-08-18T14:11:54Z,https://ejhp.fa.us6.oraclecloud.com/hcmUI/CandidateExperience/en/sites/CX_2/job/2621017
workday:amcor:/job/ASC-Atlanta-HQ-GA/AI-Innovation-Engineer_REQ_93190,Amcor,Intern - AI Innovation Engineer,Not stated,True,,Internship,,Data & ML/AI,ASC Atlanta HQ GA,unknown,,,Python; C#; TypeScript; JavaScript; LLMs; React; Azure; Git,2026-08-18T00:00:00Z,date_only,2026-08-18T11:52:49Z,https://amcor.wd5.myworkdayjobs.com/amcor_external_career_site/job/ASC-Atlanta-HQ-GA/AI-Innovation-Engineer_REQ_93190
workday:clr:/job/Oklahoma-City-OK/Data-Analyst-Intern--Summer-2027-_R02591-1,Continental Resources,Data Analyst Intern (Summer 2027),Summer 2027,False,,Internship,,Data & ML/AI,"Oklahoma City, OK",unknown,,,Python; SQL; HTML/CSS,2026-08-18T00:00:00Z,date_only,2026-08-19T04:36:18Z,https://clr.wd5.myworkdayjobs.com/CLR_Careers/job/Oklahoma-City-OK/Data-Analyst-Intern--Summer-2027-_R02591-1
workday:pimco:/job/Austin-TX-USA/XMLNAME-2027-Summer-Intern---Technology-Analyst--Software-Engineering_R106745,PIMCO,"2027 Summer Intern - Technology Analyst, Software Engineering",Summer 2027,False,,Internship,,Software,"Austin, TX USA",unknown,42,,Python; Java; C++; C#; SQL,2026-08-18T00:00:00Z,date_only,2026-08-18T15:05:36Z,https://pimco.wd1.myworkdayjobs.com/pimco-careers/job/Austin-TX-USA/XMLNAME-2027-Summer-Intern---Technology-Analyst--Software-Engineering_R106745
greenhouse:xantium:4360768009,Xantium,Quantitative Developer Intern,Summer 2027,False,,Internship,,Quant,"London, England, New York, New York",unknown,,,Python; C++,2026-08-17T16:10:20-04:00,exact,2026-08-18T10:02:09Z,https://job-boards.greenhouse.io/xantium/jobs/4360768009
greenhouse:xantium:4371217009,Xantium,Quantitative Researcher Internship,Summer 2027,False,,Internship,,Quant,"London, England, New York, New York",unknown,,,,2026-08-17T16:10:51-04:00,exact,2026-08-18T10:02:09Z,https://job-boards.greenhouse.io/xantium/jobs/4371217009
lever:acds:5a872bb7-8d9f-46e3-9e72-f5c69445e787,ACDS,Align AI Software Development Intern,Not stated,True,,Internship,,Data & ML/AI,"Bentonville, AR",unknown,,15 USD/hr,Python; TypeScript; JavaScript,2026-08-17T15:18:11Z,exact,2026-08-17T15:51:18Z,https://jobs.lever.co/acds/5a872bb7-8d9f-46e3-9e72-f5c69445e787
oracle:efet.fa.us2.oraclecloud.com:218257,Hilton Worldwide,2027 Corporate Summer Internship - Technology (Software Engineering and Cyber),Summer 2027,False,,Internship,,Security,"Memphis, TN, United States; McLean, VA, United States; Dallas, TX, United States",unknown,,$25/hr,,2026-08-17,date_only,2026-08-18T10:02:09Z,https://efet.fa.us2.oraclecloud.com/hcmUI/CandidateExperience/en/sites/CX_1009/job/218257
oracle:egug.fa.us2.oraclecloud.com:26010970,American Express,"Campus Undergraduate Summer Internship Program - 2027 Software Engineer, Technology - New York, NY",Summer 2027,False,,Internship,,Software,"New York, NY, United States",unknown,133,,Python; Java; C#; Go; TypeScript; JavaScript; Swift; Kotlin,2026-08-17,date_only,2026-08-17T21:50:30Z,https://egug.fa.us2.oraclecloud.com/hcmUI/CandidateExperience/en/sites/CX_1/job/26010970
oracle:egug.fa.us2.oraclecloud.com:26011082,American Express,"Campus Graduate Masters Summer Internship Program - 2027 Software Engineer, Enterprise Technology Services- New York, NY",Summer 2027,False,,Internship,,Software,"New York, NY, United States",unknown,133,,Python; Java; C#; Go; TypeScript; JavaScript; Swift; Kotlin,2026-08-17,date_only,2026-08-17T04:37:50Z,https://egug.fa.us2.oraclecloud.com/hcmUI/CandidateExperience/en/sites/CX_1/job/26011082
oracle:egug.fa.us2.oraclecloud.com:26011084,American Express,"Campus Graduate Masters Summer Internship Program - 2027 Software Engineer, Enterprise Technology Services- Sunrise, FL",Summer 2027,False,,Internship,,Software,"Sunrise, FL, United States",unknown,133,,Python; Java; C#; Go; TypeScript; JavaScript; Swift; Kotlin,2026-08-17,date_only,2026-08-17T21:50:30Z,https://egug.fa.us2.oraclecloud.com/hcmUI/CandidateExperience/en/sites/CX_1/job/26011084
oracle:egug.fa.us2.oraclecloud.com:26011679,American Express,"Campus Undergraduate Summer Internship Program - 2027 Software Engineer, Enterprise Technology Services- Charlotte, NC",Summer 2027,False,,Internship,,Software,"Charlotte, NC, United States",unknown,133,,Python; Java; C#; Go; TypeScript; JavaScript; Swift; Kotlin,2026-08-17,date_only,2026-08-17T17:56:46Z,https://egug.fa.us2.oraclecloud.com/hcmUI/CandidateExperience/en/sites/CX_1/job/26011679
oracle:egug.fa.us2.oraclecloud.com:26011698,American Express,"Campus Undergraduate Summer Internship Program - 2027 AI Engineer, Enterprise Technology Services- New York, NY",Summer 2027,False,,Internship,,Data & ML/AI,"New York, NY, United States",unknown,133,,Python; Java; JavaScript; SQL; LLMs,2026-08-17,date_only,2026-08-17T21:50:30Z,https://egug.fa.us2.oraclecloud.com/hcmUI/CandidateExperience/en/sites/CX_1/job/26011698
oracle:egug.fa.us2.oraclecloud.com:26011745,American Express,"Campus Undergraduate Summer Internship Program - 2027 AI Engineer, Enterprise Technology Services- Sunrise, FL",Summer 2027,False,,Internship,,Data & ML/AI,"Sunrise, FL, United States",unknown,133,,Python; Java; JavaScript; SQL; LLMs,2026-08-17,date_only,2026-08-17T21:50:30Z,https://egug.fa.us2.oraclecloud.com/hcmUI/CandidateExperience/en/sites/CX_1/job/26011745
oracle:egug.fa.us2.oraclecloud.com:26011781,American Express,"Campus Undergraduate Summer Internship Program - 2027 Software Engineer, Enterprise Technology Services- Phoenix, AZ",Summer 2027,False,,Internship,,Software,"Phoenix, AZ, United States",unknown,133,,Python; Java; C#; Go; TypeScript; JavaScript; Swift; Kotlin,2026-08-17,date_only,2026-08-17T23:49:43Z,https://egug.fa.us2.oraclecloud.com/hcmUI/CandidateExperience/en/sites/CX_1/job/26011781
oracle:egug.fa.us2.oraclecloud.com:26011784,American Express,"Campus Graduate Masters Summer Internship Program - 2027 Software Engineer, Enterprise Technology Services- Phoenix, AZ",Summer 2027,False,,Internship,,Software,"Phoenix, AZ, United States",unknown,133,,Python; Java; C#; Go; TypeScript; JavaScript; Swift; Kotlin,2026-08-17,date_only,2026-08-17T23:49:43Z,https://egug.fa.us2.oraclecloud.com/hcmUI/CandidateExperience/en/sites/CX_1/job/26011784
oracle:egug.fa.us2.oraclecloud.com:26011796,American Express,"Campus Undergraduate Summer Internship Program - 2027 AI Engineer, Enterprise Technology Services- Atlanta, GA",Summer 2027,False,,Internship,,Data & ML/AI,"Atlanta, GA, United States",unknown,133,,Python; Java; JavaScript; SQL; LLMs,2026-08-17,date_only,2026-08-17T21:50:30Z,https://egug.fa.us2.oraclecloud.com/hcmUI/CandidateExperience/en/sites/CX_1/job/26011796
oracle:egug.fa.us2.oraclecloud.com:26011878,American Express,"Campus Undergraduate Summer Internship Program - 2027 Cybersecurity Analyst, Enterprise Technology Services- New York, NY",Summer 2027,False,,Internship,,Security,"New York, NY, United States",unknown,133,,Python; Bash,2026-08-17,date_only,2026-08-17T23:49:43Z,https://egug.fa.us2.oraclecloud.com/hcmUI/CandidateExperience/en/sites/CX_1/job/26011878
oracle:egug.fa.us2.oraclecloud.com:26011893,American Express,"Campus Graduate Masters Summer Internship Program - 2027 Cybersecurity Analyst, Enterprise Technology Services- New York, NY",Summer 2027,False,,Internship,,Security,"New York, NY, United States",unknown,133,,Python; Bash,2026-08-17,date_only,2026-08-17T23:49:43Z,https://egug.fa.us2.oraclecloud.com/hcmUI/CandidateExperience/en/sites/CX_1/job/26011893
oracle:egug.fa.us2.oraclecloud.com:26011908,American Express,"Campus Undergraduate Summer Internship Program - 2027 Cybersecurity Analyst, Enterprise Technology Services- Atlanta, GA",Summer 2027,False,,Internship,,Security,"Atlanta, GA, United States",unknown,133,,Python; Bash,2026-08-17,date_only,2026-08-17T23:49:43Z,https://egug.fa.us2.oraclecloud.com/hcmUI/CandidateExperience/en/sites/CX_1/job/26011908
oracle:egug.fa.us2.oraclecloud.com:26011913,American Express,"Campus Graduate Masters Summer Internship Program - 2027 Cybersecurity Analyst, Enterprise Technology Services- Atlanta, GA",Summer 2027,False,,Internship,,Security,"Atlanta, GA, United States",unknown,133,,Python; Bash,2026-08-17,date_only,2026-08-17T23:49:43Z,https://egug.fa.us2.oraclecloud.com/hcmUI/CandidateExperience/en/sites/CX_1/job/26011913
oracle:egug.fa.us2.oraclecloud.com:26011914,American Express,"Campus Undergraduate Summer Internship Program - 2027 Cybersecurity Analyst, Enterprise Technology Services- Sunrise, FL",Summer 2027,False,,Internship,,Security,"Sunrise, FL, United States",unknown,133,,Python; Bash,2026-08-17,date_only,2026-08-17T23:49:43Z,https://egug.fa.us2.oraclecloud.com/hcmUI/CandidateExperience/en/sites/CX_1/job/26011914
oracle:egug.fa.us2.oraclecloud.com:26011987,American Express,"Campus Graduate Masters Summer Internship Program - 2027 Software Engineer, Enterprise Technology Services- Charlotte, NC",Summer 2027,False,,Internship,,Software,"Charlotte, NC, United States",unknown,133,,Python; Java; C#; Go; TypeScript; JavaScript; Swift; Kotlin,2026-08-17,date_only,2026-08-17T04:37:50Z,https://egug.fa.us2.oraclecloud.com/hcmUI/CandidateExperience/en/sites/CX_1/job/26011987
oracle:egug.fa.us2.oraclecloud.com:26011991,American Express,"Campus Graduate Masters Summer Internship Program - 2027 AI Engineer, Enterprise Technology Services- New York, NY",Summer 2027,False,,Internship,,Data & ML/AI,"New York, NY, United States",unknown,133,,Python; Java; JavaScript; SQL; LLMs,2026-08-17,date_only,2026-08-17T21:50:30Z,https://egug.fa.us2.oraclecloud.com/hcmUI/CandidateExperience/en/sites/CX_1/job/26011991
oracle:egug.fa.us2.oraclecloud.com:26011999,American Express,"Campus Graduate Masters Summer Internship Program - 2027 AI Engineer, Enterprise Technology Services- Sunrise, FL",Summer 2027,False,,Internship,,Data & ML/AI,"Sunrise, FL, United States",unknown,133,,Python; Java; JavaScript; SQL; LLMs,2026-08-17,date_only,2026-08-17T21:50:30Z,https://egug.fa.us2.oraclecloud.com/hcmUI/CandidateExperience/en/sites/CX_1/job/26011999
oracle:egug.fa.us2.oraclecloud.com:26012000,American Express,"Campus Graduate Masters Summer Internship Program - 2027 AI Engineer, Enterprise Technology Services- Atlanta, GA",Summer 2027,False,,Internship,,Data & ML/AI,"Atlanta, GA, United States",unknown,133,,Python; Java; JavaScript; SQL; LLMs,2026-08-17,date_only,2026-08-17T23:49:43Z,https://egug.fa.us2.oraclecloud.com/hcmUI/CandidateExperience/en/sites/CX_1/job/26012000
oracle:egug.fa.us2.oraclecloud.com:26012375,American Express,"Campus Undergraduate Summer Internship Program - 2027 AI Engineer, Enterprise Technology Services- Phoenix, AZ",Summer 2027,False,,Internship,,Data & ML/AI,"Phoenix, AZ, United States",unknown,133,,Python; Java; JavaScript; SQL; LLMs,2026-08-17,date_only,2026-08-17T23:49:43Z,https://egug.fa.us2.oraclecloud.com/hcmUI/CandidateExperience/en/sites/CX_1/job/26012375
oracle:egug.fa.us2.oraclecloud.com:26012392,American Express,"Campus Graduate Masters Summer Internship Program - 2027 AI Engineer, Enterprise Technology Services- Phoenix, AZ",Summer 2027,False,,Internship,,Data & ML/AI,"Phoenix, AZ, United States",unknown,133,,Python; Java; JavaScript; SQL; LLMs,2026-08-17,date_only,2026-08-17T22:52:14Z,https://egug.fa.us2.oraclecloud.com/hcmUI/CandidateExperience/en/sites/CX_1/job/26012392
oracle:egug.fa.us2.oraclecloud.com:26012444,American Express,"Campus Graduate Masters Summer Internship Program - 2027 Cybersecurity Analyst, Enterprise Technology Services- Sunrise, FL",Summer 2027,False,,Internship,,Security,"Sunrise, FL, United States",unknown,133,,Python; Bash,2026-08-17,date_only,2026-08-17T23:49:43Z,https://egug.fa.us2.oraclecloud.com/hcmUI/CandidateExperience/en/sites/CX_1/job/26012444
oracle:egug.fa.us2.oraclecloud.com:26012460,American Express,"Campus Undergraduate Summer Internship Program - 2027 Cybersecurity Analyst, Enterprise Technology Services- Phoenix, AZ",Summer 2027,False,,Internship,,Security,"Phoenix, AZ, United States",unknown,133,,Python; Bash,2026-08-17,date_only,2026-08-17T22:52:14Z,https://egug.fa.us2.oraclecloud.com/hcmUI/CandidateExperience/en/sites/CX_1/job/26012460
oracle:egug.fa.us2.oraclecloud.com:26012462,American Express,"Campus Graduate Masters Summer Internship Program - 2027 Cybersecurity Analyst, Enterprise Technology Services- Phoenix, AZ",Summer 2027,False,,Internship,,Security,"Phoenix, AZ, United States",unknown,133,,Python; Bash,2026-08-17,date_only,2026-08-17T22:52:14Z,https://egug.fa.us2.oraclecloud.com/hcmUI/CandidateExperience/en/sites/CX_1/job/26012462
workday:conagrabrands:/job/Omaha-Nebraska/IT-Infrastructure-Internship---Summer-2027_Req-039788,Conagra Brands,IT Infrastructure Internship - Summer 2027,Summer 2027,False,,Internship,,Software,"Omaha, Nebraska",unknown,14,,,2026-08-17T00:00:00Z,date_only,2026-08-17T21:50:30Z,https://conagrabrands.wd1.myworkdayjobs.com/Careers_US/job/Omaha-Nebraska/IT-Infrastructure-Internship---Summer-2027_Req-039788
workday:conagrabrands:/job/Omaha-Nebraska/Software-Development-Internship---Summer-2027_Req-039787,Conagra Brands,Software Development Internship - Summer 2027,Summer 2027,False,,Internship,,Software,"Omaha, Nebraska",unknown,14,$23/hr,Azure; Git,2026-08-17T00:00:00Z,date_only,2026-08-17T21:50:30Z,https://conagrabrands.wd1.myworkdayjobs.com/Careers_US/job/Omaha-Nebraska/Software-Development-Internship---Summer-2027_Req-039787
workday:globalhr:/job/US-IA-CEDAR-RAPIDS-166--855-35Th-St-NE--BLDG-166/Software-Engineering-Intern--Summer-2027-_01867487,RTX,Software Engineering Intern (Summer 2027),Summer 2027,False,,Internship,,Software,US-IA-CEDAR RAPIDS-166 ~ 855 35Th St NE ~ BLDG 166,citizens-only,,,Python; C++; Bash; Linux; Git,2026-08-17T00:00:00Z,date_only,2026-08-17T14:54:42Z,https://globalhr.wd5.myworkdayjobs.com/Private_Posting_No_TMP/job/US-IA-CEDAR-RAPIDS-166--855-35Th-St-NE--BLDG-166/Software-Engineering-Intern--Summer-2027-_01867487
workday:globalhr:/job/US-IA-CEDAR-RAPIDS-192--1205-Continental-Place-NE--BLDG-192/Software-Engineering-Intern--Summer-2027-_01867324,RTX,Software Engineering Intern (Summer 2027),Summer 2027,False,,Internship,,Software,US-IA-CEDAR RAPIDS-192 ~ 1205 Continental Place NE ~ BLDG 192,citizens-only,,,Python; C++,2026-08-17T00:00:00Z,date_only,2026-08-17T20:53:05Z,https://globalhr.wd5.myworkdayjobs.com/Private_Posting_No_TMP/job/US-IA-CEDAR-RAPIDS-192--1205-Continental-Place-NE--BLDG-192/Software-Engineering-Intern--Summer-2027-_01867324
workday:intel:/job/US-California-Folsom/Software-Development-Graduate-Intern_JR0285451-1,Intel,Software Development Graduate Intern,Not stated,True,,Internship,,Software,"US, California, Folsom",unknown,4758,,Python; C++; PyTorch; TensorFlow; scikit-learn; LLMs; Linux,2026-08-17T00:00:00Z,date_only,2026-08-17T20:53:05Z,https://intel.wd1.myworkdayjobs.com/external/job/US-California-Folsom/Software-Development-Graduate-Intern_JR0285451-1
workday:keybank:/job/Brooklyn-OH/XMLNAME-2027-Summer-Key-Technology---Services--Cyber-Information-Security-Track-Internship--Cleveland_R-41384,KeyBank,2027 Summer Key Technology & Services: Cyber/Information Security Track Internship- Cleveland,Summer 2027,False,,Internship,,Security,"Brooklyn, OH",unknown,,$25/hr,Python; C#; JavaScript; SQL; HTML/CSS; GCP; Tableau,2026-08-17T00:00:00Z,date_only,2026-08-17T16:55:16Z,https://keybank.wd5.myworkdayjobs.com/External_Career_Site/job/Brooklyn-OH/XMLNAME-2027-Summer-Key-Technology---Services--Cyber-Information-Security-Track-Internship--Cleveland_R-41384
workday:vanguard:/job/Charlotte-NC/College-to-Corporate-IT-Internship---Data-Analyst--NC-_177677-1,Vanguard,College to Corporate IT Internship - Data Analyst (NC),Summer 2027,False,,Internship,,Data & ML/AI,"Charlotte, NC",unknown,,,,2026-08-17T00:00:00Z,date_only,2026-08-17T22:16:41Z,https://vanguard.wd5.myworkdayjobs.com/vanguard_external/job/Charlotte-NC/College-to-Corporate-IT-Internship---Data-Analyst--NC-_177677-1
workday:vanguard:/job/Charlotte-NC/College-to-Corporate-IT-Internship---Data-Science--NC-_177682-1,Vanguard,College to Corporate IT Internship - Data Science (NC),Summer 2027,False,,Internship,,Data & ML/AI,"Charlotte, NC",unknown,,,,2026-08-17T00:00:00Z,date_only,2026-08-17T20:53:05Z,https://vanguard.wd5.myworkdayjobs.com/vanguard_external/job/Charlotte-NC/College-to-Corporate-IT-Internship---Data-Science--NC-_177682-1
workday:vanguard:/job/Malvern-PA/College-to-Corporate-IT-Internship---Data-Science--PA-_177680-1,Vanguard,College to Corporate IT Internship - Data Science (PA),Summer 2027,False,,Internship,,Data & ML/AI,"Malvern, PA",unknown,,,,2026-08-17T00:00:00Z,date_only,2026-08-17T20:53:05Z,https://vanguard.wd5.myworkdayjobs.com/vanguard_external/job/Malvern-PA/College-to-Corporate-IT-Internship---Data-Science--PA-_177680-1
ashby:replit:7e0dafe8-3eec-442e-aa76-a4d84d779fb1,Replit,Software Engineering Intern (Summer 2027),Summer 2027,False,,Internship,,Software,"Foster City, CA",unknown,2,,,2026-08-15T18:49:00.242+00:00,exact,2026-08-15T18:59:37Z,https://jobs.ashbyhq.com/replit/7e0dafe8-3eec-442e-aa76-a4d84d779fb1
oracle:fa-ertb-saasfaprod1.fa.ocs.oraclecloud.com:26738,Photon,Software Engineering / AI Intern - US - Remote,Not stated,True,,Internship,yes,Data & ML/AI,United States,unknown,,,,2026-08-15,date_only,2026-08-15T23:47:56Z,https://fa-ertb-saasfaprod1.fa.ocs.oraclecloud.com/hcmUI/CandidateExperience/en/sites/CX_2/job/26738
ashby:notion:3fba1c39-c5cb-47d7-9ad2-1cec4d7e9d0c,Notion,Software Engineer Intern (Summer 2027),Summer 2027,False,,Internship,,Software,"San Francisco, California",unknown,,$57/hr,Python; TypeScript; LLMs; React; Node.js,2026-08-14T19:07:13.459+00:00,exact,2026-08-14T19:50:41Z,https://jobs.ashbyhq.com/notion/3fba1c39-c5cb-47d7-9ad2-1cec4d7e9d0c
greenhouse:freeformfuturecorp:7872198003,Freeform,Software Engineering Intern (Summer 2027),Summer 2027,False,,Internship,,Software,"Los Angeles, CA (On-site)",unknown,,$34/hr,C++; Linux,2026-08-14T20:52:46-04:00,exact,2026-08-15T02:02:40Z,https://job-boards.greenhouse.io/freeformfuturecorp/jobs/7872198003
greenhouse:thenuclearcompany:5391923008,The Nuclear Company,Summer 2027 AI Applied Research Internship,Summer 2027,False,,Internship,,Data & ML/AI,"Washington, DC",citizens-only,,,Python; PyTorch,2026-08-14T17:06:17-04:00,exact,2026-08-14T21:14:54Z,https://job-boards.greenhouse.io/thenuclearcompany/jobs/5391923008
greenhouse:transmarketgroup:5212335007,TransMarket Group,Software Engineering Intern,Not stated,True,,Internship,,Software,"Chicago, Illinois, United States",unknown,,,Python; C++; Linux,2026-08-14T11:18:03-04:00,exact,2026-08-14T16:20:12Z,https://job-boards.greenhouse.io/transmarketgroup/jobs/5212335007?gh_jid=5212335007
oracle:hctz.fa.us2.oraclecloud.com:2506307,onsemi,Fall 2026 - Tax AI and Automation Intern,Fall 2026,False,,Internship,,Data & ML/AI,"Scottsdale, AZ, United States",unknown,,,,2026-08-14,date_only,2026-08-14T21:53:57Z,https://hctz.fa.us2.oraclecloud.com/hcmUI/CandidateExperience/en/sites/CX_1001/job/2506307
workday:crowe:/job/Chicago-IL-USA/AI-Project-Coordinator-Intern_R-71007,Crowe,AI Project Coordinator Intern,Not stated,True,,Internship,,Data & ML/AI,Chicago IL USA,unknown,37,$27–$42/hr,LLMs; Azure,2026-08-14T00:00:00Z,date_only,2026-08-14T16:20:12Z,https://crowe.wd12.myworkdayjobs.com/external_careers/job/Chicago-IL-USA/AI-Project-Coordinator-Intern_R-71007
workday:crowe:/job/Chicago-IL-USA/Data-Analytics-Developer-Intern_R-71041,Crowe,Data Analytics Developer Intern,Not stated,True,,Internship,,Data & ML/AI,Chicago IL USA,unknown,37,$27–$42/hr,SQL; Azure; Tableau,2026-08-14T00:00:00Z,date_only,2026-08-14T19:50:41Z,https://crowe.wd12.myworkdayjobs.com/external_careers/job/Chicago-IL-USA/Data-Analytics-Developer-Intern_R-71041
workday:firstam:/job/USA-California-Remote/Software-Engineering-Intern_R058260,First American,Software Engineering Intern,Not stated,True,,Internship,yes,Software,"USA, California, Remote",unknown,,,Python; C#; TypeScript; SQL; React; AWS; Kubernetes; Git,2026-08-14T00:00:00Z,date_only,2026-08-14T23:48:19Z,https://firstam.wd1.myworkdayjobs.com/firstamericancareers/job/USA-California-Remote/Software-Engineering-Intern_R058260
workday:firstam:/job/USA-California-Remote/Software-Engineering-Intern_R058261,First American,Software Engineering Intern,Not stated,True,,Internship,yes,Software,"USA, California, Remote",unknown,,,Python; C#; TypeScript; SQL; React; AWS; Kubernetes; Git,2026-08-14T00:00:00Z,date_only,2026-08-14T22:53:26Z,https://firstam.wd1.myworkdayjobs.com/firstamericancareers/job/USA-California-Remote/Software-Engineering-Intern_R058261
workday:generac:/job/Reno-NV---USA/Intern-Firmware-Engineering_JR16149,Generac,Intern Firmware Engineering,Not stated,True,,Internship,,Hardware,"Reno, NV - USA",unknown,,,Python; C++; Git,2026-08-14T00:00:00Z,date_only,2026-08-14T17:24:26Z,https://generac.wd5.myworkdayjobs.com/external/job/Reno-NV---USA/Intern-Firmware-Engineering_JR16149
workday:globalhr:/job/US-IA-CEDAR-RAPIDS-105--400-Collins-Rd-NE--BLDG-105/Software-Engineering-Intern--Summer-2027-_01867129,RTX,Software Engineering Intern (Summer 2027),Summer 2027,False,,Internship,,Software,US-IA-CEDAR RAPIDS-105 ~ 400 Collins Rd NE ~ BLDG 105,no-sponsorship,,,Python; Java; C++; C#,2026-08-14T00:00:00Z,date_only,2026-08-15T02:02:40Z,https://globalhr.wd5.myworkdayjobs.com/Private_Posting_No_TMP/job/US-IA-CEDAR-RAPIDS-105--400-Collins-Rd-NE--BLDG-105/Software-Engineering-Intern--Summer-2027-_01867129
workday:globalhr:/job/US-IA-CEDAR-RAPIDS-131--5450-C-Ave-NE--BLDG-131/Software-Engineering-Intern--Summer-2027-_01866136,RTX,Software Engineering Intern (Summer 2027),Summer 2027,False,,Internship,,Software,US-IA-CEDAR RAPIDS-131 ~ 5450 C Ave NE ~ BLDG 131,no-sponsorship,,,Python; C++,2026-08-14T00:00:00Z,date_only,2026-08-14T22:53:26Z,https://globalhr.wd5.myworkdayjobs.com/Private_Posting_No_TMP/job/US-IA-CEDAR-RAPIDS-131--5450-C-Ave-NE--BLDG-131/Software-Engineering-Intern--Summer-2027-_01866136
workday:motorolasolutions:/job/Plantation-FL/Android-Platform-Software-Engineering-Intern---Summer-2027_R67362-1,Motorola,Android Platform Software Engineering Intern - Summer 2027,Summer 2027,False,,Internship,,Software,"Plantation, FL, More...",citizens-only,,,Python; Java; C++; Linux,2026-08-14T00:00:00Z,date_only,2026-08-14T14:54:40Z,https://motorolasolutions.wd5.myworkdayjobs.com/Careers/job/Plantation-FL/Android-Platform-Software-Engineering-Intern---Summer-2027_R67362-1
workday:oneok:/job/Tulsa-OK/Cyber-Security-Intern---Tulsa--OK_R8449,ONEOK,"Cyber Security Intern - Tulsa, OK",Not stated,True,,Internship,,Security,"Tulsa, OK",unknown,,,,2026-08-14T00:00:00Z,date_only,2026-08-15T09:53:47Z,https://oneok.wd1.myworkdayjobs.com/ONEOK_Early_Careers/job/Tulsa-OK/Cyber-Security-Intern---Tulsa--OK_R8449
workday:valeo:/job/Troy-MI/Software-Engineer-Intern_REQ2026076575,Valeo,Software Engineer Intern,Not stated,True,,Internship,,Software,"Troy, MI",unknown,,,Python; C++; Linux,2026-08-14T00:00:00Z,date_only,2026-08-14T19:50:41Z,https://valeo.wd3.myworkdayjobs.com/valeo_jobs/job/Troy-MI/Software-Engineer-Intern_REQ2026076575
ashby:exa:a9e01521-66f1-481b-89da-ec01d4620f16,Exa Labs,"Software Engineer, Intern",Not stated,True,,Internship,,Software,"San Francisco, California",offers,,$100K – $150K,C++; Rust,2026-08-13T07:05:06.588+00:00,exact,2026-08-13T08:56:43Z,https://jobs.ashbyhq.com/exa/a9e01521-66f1-481b-89da-ec01d4620f16
smartrecruiters:InfiniteQuant:744000143307421,InfiniteQuant,Quantitative Researcher - Internship - Summer 2027,Summer 2027,False,,Internship,,Quant,"New York, NY, United States",unknown,,,Python; C++; Pandas,2026-08-13T12:48:22.635Z,exact,2026-08-13T14:21:04Z,https://jobs.smartrecruiters.com/InfiniteQuant/744000143307421
smartrecruiters:Interco:744000143346169,Interco,Paid Internship -- Software Development -- React,Not stated,True,,Internship,,Software,"St. Louis, MO, United States",no-sponsorship,,$15/hr,React; JavaScript; HTML/CSS,2026-08-13T15:24:56.151Z,exact,2026-08-14T11:22:20Z,https://jobs.smartrecruiters.com/Interco/744000143346169
workable:connectprep:D1C67258C0,ConnectPrep,Data Analyst Internship,Not stated,True,,Internship,yes,Data & ML/AI,"Washington, District of Columbia, United States (Remote)",citizens-only,,,Python; SQL; Pandas; Tableau,2026-08-13T00:00:00.000Z,date_only,2026-08-13T03:45:30Z,https://apply.workable.com/connectprep/j/D1C67258C0/
workday:crowe:/job/Chicago-IL-USA/AI-Engineering-Intern_R-51782,Crowe,AI Engineering Intern,Not stated,True,,Internship,,Data & ML/AI,Chicago IL USA,unknown,37,$27–$42/hr,Python; PyTorch; TensorFlow; LLMs; AWS; GCP; Azure; Kubernetes,2026-08-13T00:00:00Z,date_only,2026-08-13T19:31:29Z,https://crowe.wd12.myworkdayjobs.com/external_careers/job/Chicago-IL-USA/AI-Engineering-Intern_R-51782
workday:crowe:/job/Chicago-IL-USA/AI-Functional-Intern_R-71008,Crowe,AI Functional Intern,Not stated,True,,Internship,,Data & ML/AI,Chicago IL USA,unknown,37,$27–$42/hr,LLMs; Azure,2026-08-13T00:00:00Z,date_only,2026-08-13T19:31:29Z,https://crowe.wd12.myworkdayjobs.com/external_careers/job/Chicago-IL-USA/AI-Functional-Intern_R-71008
workday:flir:/job/US---Huntsville-AL/NHRC-Software-Engineering-Internship--Summer-2027-_REQ36193,Teledyne,NHRC Software Engineering Internship (Summer 2027),Summer 2027,False,,Internship,,Software,"US - Huntsville, AL",citizens-only,,,Java; C++; C#; .NET; Azure,2026-08-13T00:00:00Z,date_only,2026-08-13T19:31:29Z,https://flir.wd1.myworkdayjobs.com/flircareers/job/US---Huntsville-AL/NHRC-Software-Engineering-Internship--Summer-2027-_REQ36193
workday:flir:/job/US---Huntsville-AL/NHRC-Software-Engineering-Internship--Summer-2027-_REQ36194-2,Teledyne,NHRC Software Engineering Internship (Summer 2027),Summer 2027,False,,Internship,,Software,"US - Huntsville, AL",citizens-only,,,Java; C++; C#; .NET; Azure,2026-08-13T00:00:00Z,date_only,2026-08-13T19:31:29Z,https://flir.wd1.myworkdayjobs.com/flircareers/job/US---Huntsville-AL/NHRC-Software-Engineering-Internship--Summer-2027-_REQ36194-2
oracle:eeho.fa.us2.oraclecloud.com:342415,Oracle,Platform Software Engineer 1 - Full-time Intern Conversion,Not stated,True,,Internship,,Software,United States,unknown,,,C++; JavaScript; SQL,2026-08-12,date_only,2026-08-12T22:05:13Z,https://eeho.fa.us2.oraclecloud.com/hcmUI/CandidateExperience/en/sites/CX_45001/job/342415
smartrecruiters:WesternDigital:744000143171017,Western Digital,Summer 2027 Intern - Software Engineering,Summer 2027,False,,Internship,,Software,"San Jose, CA, United States",unknown,,,Python; Java; C++; Go; JavaScript; SQL; Linux; Git,2026-08-12T19:38:42.100Z,exact,2026-08-12T20:42:58Z,https://jobs.smartrecruiters.com/WesternDigital/744000143171017
workable:securityriskadvisors:3B23FB7BEB,Securityriskadvisors,DevOps Engineering Generalist Co-op,Not stated,True,,Co-op,,Software,"Rochester, New York, United States",unknown,,,Python; Java; C++; C#; TypeScript; JavaScript; Bash; AWS,2026-08-12T00:00:00.000Z,date_only,2026-08-14T11:22:20Z,https://apply.workable.com/securityriskadvisors/j/3B23FB7BEB/
workday:americanfidelity:/job/Oklahoma-City-Oklahoma/Software-Dev-Internship_JR1005,American Fidelity,Software Dev Internship (OKC local only),Not stated,True,,Internship,,Software,"Oklahoma City, Oklahoma",unknown,,,,2026-08-12T00:00:00Z,date_only,2026-08-12T16:47:03Z,https://americanfidelity.wd5.myworkdayjobs.com/External/job/Oklahoma-City-Oklahoma/Software-Dev-Internship_JR1005
workday:gdit:/job/USA-MD-Annapolis-Junction/Summer-2027-Software-Developer-Internship_RQ225717-1,General Dynamics Information Technology,Summer 2027 Software Developer Internship,Summer 2027,False,,Internship,,Software,USA MD Annapolis Junction,citizens-only,28,,Python; Java; C++; Rust; TypeScript; JavaScript,2026-08-12T00:00:00Z,date_only,2026-08-12T14:20:21Z,https://gdit.wd5.myworkdayjobs.com/external_career_site/job/USA-MD-Annapolis-Junction/Summer-2027-Software-Developer-Internship_RQ225717-1
workday:globalhr:/job/US-IA-CEDAR-RAPIDS-137--855-35Th-St-NE--BLDG-137/Software-Engineering-Intern--Summer-2027-_01865875,RTX,Software Engineering Intern (Summer 2027),Summer 2027,False,,Internship,,Software,US-IA-CEDAR RAPIDS-137 ~ 855 35Th St NE ~ BLDG 137,citizens-only,,,Python; Rust,2026-08-12T00:00:00Z,date_only,2026-08-12T16:47:03Z,https://globalhr.wd5.myworkdayjobs.com/rec_rtx_ext_gateway/job/US-IA-CEDAR-RAPIDS-137--855-35Th-St-NE--BLDG-137/Software-Engineering-Intern--Summer-2027-_01865875
workday:marmon:/job/Chicago-IL/AI-Project-Management-Intern_JR0000045089-1,Marmon Holdings,AI Project Management Intern,Not stated,True,,Internship,,Data & ML/AI,"Chicago, IL",unknown,,,,2026-08-12T00:00:00Z,date_only,2026-08-12T14:20:21Z,https://marmon.wd501.myworkdayjobs.com/Marmon_Careers/job/Chicago-IL/AI-Project-Management-Intern_JR0000045089-1
workday:newbalance:/job/Sports-Research-Lab-Brighton-MA/Sports-Research-Engineer-Intern_R40740,New Balance,Sports Research Engineer Intern,Not stated,True,,Internship,,Software,"Sports Research Lab, Brighton MA",unknown,,,,2026-08-12T00:00:00Z,date_only,2026-08-12T17:50:23Z,https://newbalance.wd1.myworkdayjobs.com/careers/job/Sports-Research-Lab-Brighton-MA/Sports-Research-Engineer-Intern_R40740
workday:northwesternmutual:/job/Milwaukee-WI-Corporate/Public-Investments-Quantitative-Analyst-Intern--Summer-2027_JR-45807,Northwestern Mutual,"Public Investments Quantitative Analyst Intern, Summer 2027",Summer 2027,False,,Internship,,Quant,"Milwaukee, WI Corporate",unknown,,,Python; SQL; dbt; Snowflake; Tableau,2026-08-12T00:00:00Z,date_only,2026-08-12T20:42:58Z,https://northwesternmutual.wd5.myworkdayjobs.com/corporate-careers/job/Milwaukee-WI-Corporate/Public-Investments-Quantitative-Analyst-Intern--Summer-2027_JR-45807
smartrecruiters:BoschGroup:744000142898574,Bosch,"Powertrain Controls Software Engineering Intern (6-Months, Full-Time)",Not stated,True,,Internship,,Software,"Farmington Hills, MI, United States",unknown,188,,MATLAB; Linux,2026-08-11T14:49:56.410Z,exact,2026-08-11T15:29:27Z,https://jobs.smartrecruiters.com/BoschGroup/744000142898574
workday:bah:/job/McLean-VA/AI-RAN-Telecommunications-Engineer-Intern_R0246869,Booz Allen,AI RAN Telecommunications Engineer Intern,Not stated,True,,Internship,,Data & ML/AI,"McLean, VA",citizens-only,,$108k/yr,Python; C++; PyTorch; TensorFlow; Kubernetes,2026-08-11T00:00:00Z,date_only,2026-08-11T18:48:51Z,https://bah.wd1.myworkdayjobs.com/bah_jobs/job/McLean-VA/AI-RAN-Telecommunications-Engineer-Intern_R0246869
workday:copart:/job/Dallas-TX---Headquarters/Data-Analytics-Engineer-Intern_JR110584,Copart,Data Analytics Engineer Intern,Not stated,True,,Internship,,Data & ML/AI,"Dallas, TX - Headquarters",unknown,83,,,2026-08-11T00:00:00Z,relative_derived,2026-08-11T22:16:00Z,https://copart.wd12.myworkdayjobs.com/copart/job/Dallas-TX---Headquarters/Data-Analytics-Engineer-Intern_JR110584
workday:hp:/job/Spring-Texas-United-States-of-America/Enterprise-Operations-Software-Internship_3167271-2,Hewlett Packard (HP),Enterprise Operations Software Internship,Summer 2027,False,,Internship,,Software,"Spring, Texas, United States of America",no-sponsorship,,$31–$37/hr,Python; Java; C++; SQL; Swift; Kotlin; Ruby; Bash,2026-08-11T00:00:00Z,date_only,2026-08-11T23:14:04Z,https://hp.wd5.myworkdayjobs.com/EXTEU-AC-CareerSite/job/Spring-Texas-United-States-of-America/Enterprise-Operations-Software-Internship_3167271-1
greenhouse:dvtrading:4719119005,DV Trading,Software Engineer Intern - Summer 2027 (DV Commodities),Summer 2027,False,,Internship,,Software,New York,unknown,,$50/hr,Python; C++,2026-08-10T18:40:33-04:00,exact,2026-08-10T23:08:13Z,https://job-boards.greenhouse.io/dvtrading/jobs/4719119005
oracle:fa-esgu-saasfaprod1.fa.ocs.oraclecloud.com:23339,Montenson,AI Intern,Summer 2027,False,,Internship,,Data & ML/AI,"MN, United States",no-sponsorship,,,LLMs; Computer Vision,2026-08-10,date_only,2026-08-10T16:43:21Z,https://fa-esgu-saasfaprod1.fa.ocs.oraclecloud.com/hcmUI/CandidateExperience/en/sites/CX_1/job/23339
workday:bah:/job/McLean-VA/AI-RAN-Telecommunications-Engineer-Intern_R0246415,Booz Allen,AI RAN Telecommunications Engineer Intern,Not stated,True,,Internship,,Data & ML/AI,"McLean, VA",citizens-only,,$108k/yr,Python; C++; PyTorch; TensorFlow; Kubernetes,2026-08-10T00:00:00Z,date_only,2026-08-10T18:45:54Z,https://bah.wd1.myworkdayjobs.com/bah_jobs/job/McLean-VA/AI-RAN-Telecommunications-Engineer-Intern_R0246415
workday:canadiansolar:/job/Walnut-Creek-CA/Intern--IT-Infrastructure-Support_10001383,Canadian Solar,"Intern, IT Infrastructure Support",Not stated,True,,Internship,,Software,"Walnut Creek, CA",unknown,,$20–$25/hr,Azure,2026-08-10T00:00:00Z,date_only,2026-08-10T17:48:11Z,https://canadiansolar.wd5.myworkdayjobs.com/CanadianSolar/job/Walnut-Creek-CA/Intern--IT-Infrastructure-Support_10001383
workday:ing:/job/New-York/Summer-2027-Internship---Tech--Information-Security-_REQ-10119620,ING,Summer 2027 Internship - Tech (Information Security),Summer 2027,False,,Internship,,Security,New York,unknown,,$35/hr,Python,2026-08-10T00:00:00Z,date_only,2026-08-10T14:17:59Z,https://ing.wd3.myworkdayjobs.com/icsgblcor/job/New-York/Summer-2027-Internship---Tech--Information-Security-_REQ-10119620
workday:ing:/job/New-York/Summer-2027-Internship---Tech--Infrastructure-_REQ-10119621,ING,Summer 2027 Internship - Tech (Infrastructure),Summer 2027,False,,Internship,,Software,New York,unknown,,$35/hr,Python; Azure; Git,2026-08-10T00:00:00Z,date_only,2026-08-10T14:17:59Z,https://ing.wd3.myworkdayjobs.com/icsgblcor/job/New-York/Summer-2027-Internship---Tech--Infrastructure-_REQ-10119621
greenhouse:thenuclearcompany:5383113008,The Nuclear Company,Fall 2026 AI Software Engineering Intern,Fall 2026,False,,Internship,,Data & ML/AI,"Washington, DC",citizens-only,,,Python; Java; C++; Rust; TypeScript; LLMs; AWS,2026-08-07T12:56:55-04:00,exact,2026-08-07T17:47:50Z,https://job-boards.greenhouse.io/thenuclearcompany/jobs/5383113008
greenhouse:thenuclearcompany:5383163008,The Nuclear Company,Fall 2026 AI/ML Engineering Intern,Fall 2026,False,,Internship,,Data & ML/AI,"Washington, DC",citizens-only,,,Python; PyTorch; LLMs; AWS,2026-08-07T14:09:12-04:00,exact,2026-08-07T18:45:14Z,https://job-boards.greenhouse.io/thenuclearcompany/jobs/5383163008
greenhouse:thenuclearcompany:5383231008,The Nuclear Company,Summer 2027 AI/ML Engineering Intern,Summer 2027,False,,Internship,,Data & ML/AI,"Washington, DC",citizens-only,,,Python; PyTorch; LLMs; AWS,2026-08-07T14:07:45-04:00,exact,2026-08-07T18:45:14Z,https://job-boards.greenhouse.io/thenuclearcompany/jobs/5383231008
greenhouse:thenuclearcompany:5383236008,The Nuclear Company,Summer 2027 Software Engineering Intern,Summer 2027,False,,Internship,,Software,"Washington, DC",citizens-only,,,Python; Java; C++; Rust; TypeScript; LLMs; AWS,2026-08-07T14:08:35-04:00,exact,2026-08-07T18:45:14Z,https://job-boards.greenhouse.io/thenuclearcompany/jobs/5383236008
greenhouse:thenuclearcompany:5383244008,The Nuclear Company,Summer 2027 Data Science Intern,Summer 2027,False,,Internship,,Data & ML/AI,"Washington, DC",citizens-only,,,Python; SQL; scikit-learn; Pandas; AWS,2026-08-07T14:08:02-04:00,exact,2026-08-07T18:45:14Z,https://job-boards.greenhouse.io/thenuclearcompany/jobs/5383244008
lever:acds:e468d15b-69c3-4534-8072-7ff3f85fbf83,ACDS,AI Operations Intern,Not stated,True,,Internship,,Data & ML/AI,"Lowell, AR",unknown,,15 USD/hr,,2026-08-07T17:40:42Z,exact,2026-08-07T18:45:14Z,https://jobs.lever.co/acds/e468d15b-69c3-4534-8072-7ff3f85fbf83
workday:copart:/job/Dallas-TX---Headquarters/Database-Engineering-Intern_JR109636,Copart,Database Engineering Intern,Not stated,True,,Internship,,Software,"Dallas, TX - Headquarters",unknown,83,,Python; JavaScript; SQL; Pandas; HTML/CSS; Django; Flask; Linux,2026-08-07T00:00:00Z,date_only,2026-08-07T17:47:50Z,https://copart.wd12.myworkdayjobs.com/copart/job/Dallas-TX---Headquarters/Database-Engineering-Intern_JR109636
workday:copart:/job/Dallas-TX---Headquarters/Software-Engineering-Intern_JR101510,Copart,Software Engineering Intern,Not stated,True,,Internship,,Software,"Dallas, TX - Headquarters",unknown,83,,Python; Java; TypeScript; JavaScript; SQL; LLMs; React; Next.js,2026-08-07T00:00:00Z,date_only,2026-08-07T17:47:50Z,https://copart.wd12.myworkdayjobs.com/copart/job/Dallas-TX---Headquarters/Software-Engineering-Intern_JR101510
workday:gdit:/job/USA-VA-Falls-Church/Summer-2027-AI-Machine-Learning-Internship--DC-Metro-Area_RQ225912,General Dynamics Information Technology,PTOC  AI/Machine Learning Internship -DC Metro Area,Summer 2027,False,,Internship,,Data & ML/AI,USA VA Falls Church,citizens-only,28,,Python,2026-08-07T00:00:00Z,date_only,2026-08-07T20:39:05Z,https://gdit.wd5.myworkdayjobs.com/external_career_site/job/USA-VA-Falls-Church/Summer-2027-AI-Machine-Learning-Internship--DC-Metro-Area_RQ225912
workday:jj:/job/Cincinnati-Ohio-United-States-of-America/Software-Engineer-Coop_R-092820,Johnson & Johnson,Software Engineer Coop,Fall 2026,False,,Co-op,,Software,"Cincinnati, Ohio, United States of America",no-sponsorship,8,,Python; C++; Linux,2026-08-07T00:00:00Z,date_only,2026-08-07T17:47:50Z,https://jj.wd5.myworkdayjobs.com/JJ/job/Cincinnati-Ohio-United-States-of-America/Software-Engineer-Coop_R-092820
ashby:centerfield:1d7eacc1-37f7-478c-9b0a-fa7974f1a9e4,Centerfield,Frontend Engineer Intern (6 month internship),Not stated,True,,Internship,,Software,"Los Angeles, California",unknown,,$30 per hour,Java; TypeScript; JavaScript; React; Next.js; Node.js; HTML/CSS; AWS,2026-08-06T20:03:54.164+00:00,exact,2026-08-07T00:29:49Z,https://jobs.ashbyhq.com/centerfield/1d7eacc1-37f7-478c-9b0a-fa7974f1a9e4
oracle:fa-evmr-saasfaprod1.fa.ocs.oraclecloud.com:39284,Nokia,AI R&D Engineer Co-op,Not stated,True,,Co-op,,Data & ML/AI,United States,unknown,,,PyTorch; TensorFlow; Kafka,2026-08-06,date_only,2026-08-07T00:29:49Z,https://fa-evmr-saasfaprod1.fa.ocs.oraclecloud.com/hcmUI/CandidateExperience/en/sites/CX_1/job/39284
oracle:fa-evmr-saasfaprod1.fa.ocs.oraclecloud.com:39285,Nokia,AI R&D Engineer Co-op,Not stated,True,,Co-op,,Data & ML/AI,United States,unknown,,,PyTorch; TensorFlow; Kafka,2026-08-06,date_only,2026-08-07T00:29:49Z,https://fa-evmr-saasfaprod1.fa.ocs.oraclecloud.com/hcmUI/CandidateExperience/en/sites/CX_1/job/39285
oracle:fa-evmr-saasfaprod1.fa.ocs.oraclecloud.com:39286,Nokia,AI R&D Engineer Co-op,Not stated,True,,Co-op,,Data & ML/AI,United States,unknown,,,PyTorch; TensorFlow; Kafka,2026-08-06,date_only,2026-08-07T00:29:49Z,https://fa-evmr-saasfaprod1.fa.ocs.oraclecloud.com/hcmUI/CandidateExperience/en/sites/CX_1/job/39286
oracle:fa-evmr-saasfaprod1.fa.ocs.oraclecloud.com:39287,Nokia,AI R&D Engineering Co-op,Not stated,True,,Co-op,,Data & ML/AI,United States,unknown,,,PyTorch; TensorFlow; Kafka,2026-08-06,date_only,2026-08-07T00:29:49Z,https://fa-evmr-saasfaprod1.fa.ocs.oraclecloud.com/hcmUI/CandidateExperience/en/sites/CX_1/job/39287
oracle:fa-evmr-saasfaprod1.fa.ocs.oraclecloud.com:39288,Nokia,AI R&D Engineering Co-op,Not stated,True,,Co-op,,Data & ML/AI,United States,unknown,,,PyTorch; TensorFlow; Kafka,2026-08-06,date_only,2026-08-07T00:29:49Z,https://fa-evmr-saasfaprod1.fa.ocs.oraclecloud.com/hcmUI/CandidateExperience/en/sites/CX_1/job/39288
workday:gdit:/job/USA-MD-Annapolis-Junction/Summer-2027-Software-Developer-Internship_RQ225450-1,General Dynamics Information Technology,Summer 2027 Software Developer Internship,Summer 2027,False,,Internship,,Software,USA MD Annapolis Junction,citizens-only,28,,Python; Java; C++; Rust; TypeScript; JavaScript,2026-08-06T00:00:00Z,date_only,2026-08-07T10:45:44Z,https://gdit.wd5.myworkdayjobs.com/external_career_site/job/USA-MD-Annapolis-Junction/Summer-2027-Software-Developer-Internship_RQ225450-1
workday:gdit:/job/USA-MD-Annapolis-Junction/Summer-2027-Software-Developer-Internship_RQ225456-1,General Dynamics Information Technology,Summer 2027 Software Developer Internship,Summer 2027,False,,Internship,,Software,USA MD Annapolis Junction,citizens-only,28,,Python; Java; C++; Rust; TypeScript; JavaScript,2026-08-06T00:00:00Z,date_only,2026-08-07T10:45:44Z,https://gdit.wd5.myworkdayjobs.com/external_career_site/job/USA-MD-Annapolis-Junction/Summer-2027-Software-Developer-Internship_RQ225456-1
workday:gdit:/job/USA-MD-Annapolis-Junction/Summer-2027-Software-Developer-Internship_RQ225469-1,General Dynamics Information Technology,Summer 2027 Software Developer Internship,Summer 2027,False,,Internship,,Software,USA MD Annapolis Junction,citizens-only,28,,Python; Java; C++; Rust; TypeScript; JavaScript,2026-08-06T00:00:00Z,date_only,2026-08-07T10:45:44Z,https://gdit.wd5.myworkdayjobs.com/external_career_site/job/USA-MD-Annapolis-Junction/Summer-2027-Software-Developer-Internship_RQ225469-1
workday:kbr:/job/Houston-Texas/Software-Intern_R2127863,KBR,Software Intern,Not stated,True,,Internship,,Software,"Houston, Texas",unknown,12,,Python; C#; JavaScript; HTML/CSS,2026-08-06T00:00:00Z,date_only,2026-08-06T14:08:27Z,https://kbr.wd5.myworkdayjobs.com/KBR_Careers/job/Houston-Texas/Software-Intern_R2127863
workday:warnerbros:/job/CA-Burbank-Bldg-700-Second-Century-Tower-1/Bleacher-Report-Social-Programming-Intern--LA---Fall-2026_R000107469,Warner Bros.,Bleacher Report Social Programming Intern: LA - Fall 2026,Fall 2026,False,,Internship,,Software,"CA Burbank Bldg. 700, Second Century, Tower 1",unknown,,$19/hr,,2026-08-06T00:00:00Z,date_only,2026-08-07T00:29:49Z,https://warnerbros.wd5.myworkdayjobs.com/global/job/CA-Burbank-Bldg-700-Second-Century-Tower-1/Bleacher-Report-Social-Programming-Intern--LA---Fall-2026_R000107469
greenhouse:roblox:8072713,Roblox,[Summer 2027] Software Engineer Intern,Summer 2027,False,,Internship,,Software,"San Mateo, CA, United States",unknown,186,,Python; Java; C++; C#; Swift; Ruby; LLMs; Node.js,2026-08-05T12:03:16-04:00,exact,2026-08-05T16:21:44Z,https://careers.roblox.com/jobs/8072713?gh_jid=8072713
workday:draper:/job/Cambridge-MA/Embedded-Quality---Fielded-Systems-Intern_JR002718,Draper,Embedded Quality & Fielded Systems Intern,Not stated,True,,Internship,,Software,"Cambridge, MA",unknown,,,Python; C#,2026-08-05T00:00:00Z,date_only,2026-08-05T21:52:50Z,https://draper.wd5.myworkdayjobs.com/Draper_Careers/job/Cambridge-MA/Embedded-Quality---Fielded-Systems-Intern_JR002718
workday:gdit:/job/USA-VA-Falls-Church---3150-Fairview-Park-Dr-VAS095/GDIT-2027-Summer-AI---ML-Internship_RQ225401,General Dynamics Information Technology,GDIT 2027 Summer AI / ML Internship,Summer 2027,False,,Internship,,Data & ML/AI,USA VA Falls Church - 3150 Fairview Park Dr (VAS095),citizens-only,28,,,2026-08-05T00:00:00Z,date_only,2026-08-07T10:45:44Z,https://gdit.wd5.myworkdayjobs.com/external_career_site/job/USA-VA-Falls-Church---3150-Fairview-Park-Dr-VAS095/GDIT-2027-Summer-AI---ML-Internship_RQ225401
workday:nvidia:/job/US-CA-Santa-Clara/Software-Engineering-Intern--Dynamo---Fall-2026_JR2022295,NVIDIA,"Software Engineering Intern, Dynamo - Fall 2026",Fall 2026,False,,Internship,,Software,"US, CA, Santa Clara",unknown,1526,,Python; Go; Rust; LLMs; Kubernetes; Git,2026-08-05T00:00:00Z,date_only,2026-08-05T20:13:06Z,https://nvidia.wd5.myworkdayjobs.com/NVIDIAExternalCareerSite/job/US-CA-Santa-Clara/Software-Engineering-Intern--Dynamo---Fall-2026_JR2022295
lever:belvederetrading:10746b3d-1760-4573-9b63-b93f5a5e4fc0,Belvedere Trading,Software Engineer Intern - Summer 2027,Summer 2027,False,,Internship,,Software,"Chicago, Illinois",unknown,,"130,000 USD/yr",Java; C++; C#,2026-08-04T17:01:40Z,exact,2026-08-07T17:47:50Z,https://jobs.lever.co/belvederetrading/10746b3d-1760-4573-9b63-b93f5a5e4fc0
lever:belvederetrading:cbde47db-c60b-4339-a8f4-a8e4f30505ab,Belvedere Trading,Quantitative Trading Intern - Summer 2027,Summer 2027,False,,Internship,,Quant,"Chicago, Illinois",unknown,,"140,000 USD/yr",Python; C++; C#,2026-08-04T17:27:58Z,exact,2026-08-07T17:47:50Z,https://jobs.lever.co/belvederetrading/cbde47db-c60b-4339-a8f4-a8e4f30505ab
lever:diversified-automation:827a092d-b8a3-4ca9-a84a-e8c236d1aabc,Diversified Automation,Software Engineering Co-op,Not stated,True,,Co-op,,Software,"Louisville, KY",unknown,,,,2026-08-04T14:16:00Z,exact,2026-08-04T16:34:38Z,https://jobs.lever.co/diversified-automation/827a092d-b8a3-4ca9-a84a-e8c236d1aabc
lever:plus-2:2ee24f85-bfa1-47fc-bfe3-fd07521a7b62,PlusAI,Deep Learning Research Intern — Multimodal BEV Perception,Not stated,True,,Internship,,Data & ML/AI,"Santa Clara, CA",unknown,29,19–65 USD/yr,Python; PyTorch; TensorFlow; Computer Vision,2026-08-04T17:18:01Z,exact,2026-08-07T00:29:49Z,https://jobs.lever.co/plus-2/2ee24f85-bfa1-47fc-bfe3-fd07521a7b62
oracle:jpmc.fa.oraclecloud.com:210774038,JPMorganChase,2027 Quantitative Research – Markets – Summer Internship - Analyst – United States,Summer 2027,False,,Internship,,Quant,"New York, NY, United States",unknown,4656,,Python; C++,2026-08-04,date_only,2026-08-07T00:49:01Z,https://jpmc.fa.oraclecloud.com/hcmUI/CandidateExperience/en/sites/CX_1/job/210774038
oracle:jpmc.fa.oraclecloud.com:210774061,JPMorganChase,2027 Quantitative Research – Markets – Summer Internship - Associate– United States,Summer 2027,False,,Internship,,Quant,"New York, NY, United States",unknown,4656,,Python; C++,2026-08-04,date_only,2026-08-07T00:49:01Z,https://jpmc.fa.oraclecloud.com/hcmUI/CandidateExperience/en/sites/CX_1/job/210774061
oracle:jpmc.fa.oraclecloud.com:210774074,JPMorganChase,2027 Quantitative Research – Asset Management – Summer Internship – Analyst - United States,Summer 2027,False,,Internship,,Quant,"New York, NY, United States",unknown,4656,,Python; Java; C++; SQL; MATLAB; Tableau,2026-08-04,date_only,2026-08-07T00:49:01Z,https://jpmc.fa.oraclecloud.com/hcmUI/CandidateExperience/en/sites/CX_1/job/210774074
workday:globalhr:/job/US-IA-CEDAR-RAPIDS-137--855-35Th-St-NE--BLDG-137/Software-Engineering-Intern--Summer-2027-_01863980-1,RTX,Software Engineering Intern (Summer 2027),Summer 2027,False,,Internship,,Software,US-IA-CEDAR RAPIDS-137 ~ 855 35Th St NE ~ BLDG 137,citizens-only,,,Python; C++; Rust; Linux; Git,2026-08-04T00:00:00Z,date_only,2026-08-07T10:45:44Z,https://globalhr.wd5.myworkdayjobs.com/Private_Posting_No_TMP/job/US-IA-CEDAR-RAPIDS-137--855-35Th-St-NE--BLDG-137/Software-Engineering-Intern--Summer-2027-_01863980-1
workday:thales:/job/Texas/AppSec-Product-Support-Intern_R0328978-1,Thales,AppSec Product Support Intern,Not stated,True,,Internship,,Security,Texas,unknown,,,,2026-08-04T00:00:00Z,date_only,2026-08-04T18:17:11Z,https://thales.wd3.myworkdayjobs.com/careers/job/Texas/AppSec-Product-Support-Intern_R0328978-1
oracle:jpmc.fa.oraclecloud.com:210773759,JPMorganChase,2027 Code for Good Hackathon - Software Engineer Program - Summer Internship – United States,Summer 2027,False,,Internship,,Software,"Chicago, IL, United States; Columbus, OH, United States; Houston, TX, United States; Jersey City, NJ, United States; New York, NY, United States; Palo Alto, CA, United States; Plano, TX, United States; Wilmington, DE, United States; Tampa, FL, United States",unknown,4656,,,2026-08-03,date_only,2026-08-03T06:26:44Z,https://jpmc.fa.oraclecloud.com/hcmUI/CandidateExperience/en/sites/CX_1/job/210773759
oracle:jpmc.fa.oraclecloud.com:210773869,JPMorganChase,2027 Data & AI Program - Summer Internship - Analyst - United States,Summer 2027,False,,Internship,,Data & ML/AI,"Chicago, IL, United States; Columbus, OH, United States; Wilmington, DE, United States; Plano, TX, United States; New York, NY, United States; Jersey City, NJ, United States; Newark, DE, United States; Palo Alto, CA, United States",unknown,4656,,Python; SQL; LLMs; AWS; Databricks; Snowflake,2026-08-03,date_only,2026-08-03T06:26:44Z,https://jpmc.fa.oraclecloud.com/hcmUI/CandidateExperience/en/sites/CX_1/job/210773869
oracle:jpmc.fa.oraclecloud.com:210773978,JPMorganChase,2027 Quantitative Research - Risk and Treasury - Summer Internship - Associate - United States,Summer 2027,False,,Internship,,Quant,"New York, NY, United States; Plano, TX, United States; Chicago, IL, United States",unknown,4656,,Python; C++; SQL; MATLAB,2026-08-03,date_only,2026-08-07T00:49:01Z,https://jpmc.fa.oraclecloud.com/hcmUI/CandidateExperience/en/sites/CX_1/job/210773978
oracle:jpmc.fa.oraclecloud.com:210775223,JPMorganChase,2027 Data for Good Hackathon - Data & AI Program - Summer Internship,Summer 2027,False,,Internship,,Data & ML/AI,"Chicago, IL, United States; Columbus, OH, United States; Wilmington, DE, United States; Plano, TX, United States; New York, NY, United States; Jersey City, NJ, United States; Palo Alto, CA, United States; Newark, DE, United States",unknown,4656,,Python; SQL; LLMs; AWS; Databricks; Snowflake,2026-08-03,date_only,2026-08-03T06:26:44Z,https://jpmc.fa.oraclecloud.com/hcmUI/CandidateExperience/en/sites/CX_1/job/210775223
smartrecruiters:BoschGroup:744000141302469,Bosch,AI and SW Development Engineering Intern,Not stated,True,,Internship,,Data & ML/AI,"Plymouth, MI, United States",unknown,188,,Python; C++; Computer Vision; Git,2026-08-03T15:51:53.799Z,exact,2026-08-03T16:08:36Z,https://jobs.smartrecruiters.com/BoschGroup/744000141302469
workday:idexx:/job/Westbrook-ME/Security-Operations--Cybersecurity--internship_J-053268,IDEXX,Security Operations (Cybersecurity) internship,Not stated,True,,Internship,,Security,"Westbrook, ME",unknown,,$20–$30/hr,,2026-08-03T00:00:00Z,date_only,2026-08-03T21:45:12Z,https://idexx.wd1.myworkdayjobs.com/IDEXX/job/Westbrook-ME/Security-Operations--Cybersecurity--internship_J-053268
workday:microchiphr:/job/TX---Houston---Compaq-Center-Dr/Intern-Engineering--Firmware-Development-_R3372-26,Microchip Technology,Intern-Engineering (Firmware Development),Not stated,True,,Internship,,Hardware,TX - Houston - Compaq Center Dr,unknown,143,,Python; Java; C++; C#; JavaScript; Linux,2026-08-03T00:00:00Z,date_only,2026-08-03T18:22:46Z,https://microchiphr.wd5.myworkdayjobs.com/external/job/TX---Houston---Compaq-Center-Dr/Intern-Engineering--Firmware-Development-_R3372-26
workday:microchiphr:/job/TX---Houston---Compaq-Center-Dr/Intern-Engineering--Software-Development-_R3371-26,Microchip Technology,Intern-Engineering (Software Development),Not stated,True,,Internship,,Software,TX - Houston - Compaq Center Dr,unknown,143,,Python; Java; C++; C#; JavaScript; Linux,2026-08-03T00:00:00Z,date_only,2026-08-03T16:08:36Z,https://microchiphr.wd5.myworkdayjobs.com/external/job/TX---Houston---Compaq-Center-Dr/Intern-Engineering--Software-Development-_R3371-26
workday:pentair:/job/Golden-Valley-MN/IT---Cybersecurity-Leadership-Development-Internship-Program----Summer-2027_R23700,Pentair,IT & Cybersecurity Leadership Development Internship Program -  Summer 2027,Summer 2027,False,,Internship,,Security,"Golden Valley, MN",no-sponsorship,,$31/hr,,2026-08-03T00:00:00Z,date_only,2026-08-04T11:45:26Z,https://pentair.wd5.myworkdayjobs.com/pentair_careers/job/Golden-Valley-MN/IT---Cybersecurity-Leadership-Development-Internship-Program----Summer-2027_R23700
ashby:yotta:09821a51-fbe6-42a7-a566-0d2b5d40fae3,Yotta Labs,Research Engineer Intern - AI Systems,Not stated,True,,Internship,,Data & ML/AI,United States,unknown,,,Python; C++; PyTorch; LLMs; CUDA; AWS; Git,2026-08-02T16:29:42.695+00:00,exact,2026-08-03T13:31:00Z,https://jobs.ashbyhq.com/yotta/09821a51-fbe6-42a7-a566-0d2b5d40fae3
workday:copart:/job/Dallas-TX---Headquarters/Software-Engineering-Intern_JR110353,Copart,Software Engineering Intern,Not stated,True,,Internship,,Software,"Dallas, TX - Headquarters",unknown,83,,Python; Java; TypeScript; JavaScript; SQL; LLMs; React; Next.js,2026-08-02T00:00:00Z,date_only,2026-08-03T06:26:44Z,https://copart.wd12.myworkdayjobs.com/copart/job/Dallas-TX---Headquarters/Software-Engineering-Intern_JR110353
greenhouse:hyannisportresearch:7822989003,HPR (Hyannis Port Research),Software Engineering Intern - Summer 2027,Summer 2027,False,,Internship,,Software,"Needham, MA",unknown,,$42/hr,Python; Java; Bash; Linux,2026-08-01T12:00:00-04:00,exact,2026-08-01T16:05:59Z,https://job-boards.greenhouse.io/hyannisportresearch/jobs/7822989003
ashby:heliux:ff2b6f4b-00d0-4afe-b4f5-2dbf443409ef,Heliux,"Software Engineer (Internship, Summer 2027)",Summer 2027,False,,Internship,,Software,"HQ (San Francisco, CA)",unknown,,,Python; Java; Rust; TypeScript,2026-07-31T01:21:06.637+00:00,exact,2026-07-31T12:01:37Z,https://jobs.ashbyhq.com/heliux/ff2b6f4b-00d0-4afe-b4f5-2dbf443409ef
ashby:melius:b61f063a-4f94-4e50-a4ef-05aaab552280,Melius,Software Engineering Intern [Spring/Summer 2027],Summer 2027,False,,Internship,,Software,New York City,unknown,,$11K per month,TypeScript; LLMs; React; Next.js; PostgreSQL,2026-07-31T14:00:47.682+00:00,exact,2026-07-31T16:05:57Z,https://jobs.ashbyhq.com/melius/b61f063a-4f94-4e50-a4ef-05aaab552280
workday:intel:/job/Virtual-US/AI-Software-Engineer-Graduate-Intern_JR0285989,Intel,AI Software Engineer Graduate Intern,Not stated,True,,Internship,,Data & ML/AI,Virtual US,unknown,4758,,Python; C++; PyTorch; TensorFlow,2026-07-31T00:00:00Z,date_only,2026-07-31T17:53:42Z,https://intel.wd1.myworkdayjobs.com/external/job/Virtual-US/AI-Software-Engineer-Graduate-Intern_JR0285989
ashby:melius:6a944911-dbbf-44c7-ba52-7866f7b433cf,Melius,Software Engineering Intern [Fall/Winter 2026],Fall 2026,False,,Internship,,Software,New York City,unknown,,$11K per month,TypeScript; LLMs; React; Next.js; PostgreSQL,2026-07-30T22:52:54.653+00:00,exact,2026-07-31T12:01:37Z,https://jobs.ashbyhq.com/melius/6a944911-dbbf-44c7-ba52-7866f7b433cf
workday:copart:/job/Dallas-TX---Headquarters/Software-Engineering-Intern_JR109964,Copart,Software Engineering Intern,Not stated,True,,Internship,,Software,"Dallas, TX - Headquarters",unknown,83,,Python; Java; TypeScript; JavaScript; SQL; LLMs; React; Next.js,2026-07-30T00:00:00Z,date_only,2026-07-30T15:55:26Z,https://copart.wd12.myworkdayjobs.com/copart/job/Dallas-TX---Headquarters/Software-Engineering-Intern_JR109964
workday:copart:/job/Dallas-TX---Headquarters/Software-Engineering-Intern_JR109965,Copart,Software Engineering Intern,Not stated,True,,Internship,,Software,"Dallas, TX - Headquarters",unknown,83,,JavaScript; HTML/CSS,2026-07-30T00:00:00Z,date_only,2026-07-30T15:55:26Z,https://copart.wd12.myworkdayjobs.com/copart/job/Dallas-TX---Headquarters/Software-Engineering-Intern_JR109965
greenhouse:redwoodmaterials:6126784004,Redwood Materials,Embedded Software Engineer Intern - Fall 2026,Fall 2026,False,,Internship,,Software,"San Francisco, California, United States",unknown,8,,C++; Rust; Git,2026-07-29T16:29:01-04:00,exact,2026-07-29T20:57:42Z,https://boards.greenhouse.io/redwoodmaterials/jobs/6126784004?gh_jid=6126784004
smartrecruiters:BoschGroup:744000140462550,Bosch,Autonomous Driving – Internship in Machine Learning,Not stated,True,,Internship,,Data & ML/AI,"Sunnyvale, CA, United States",unknown,188,$34–$68/hr,Python; PyTorch; Azure; Linux,2026-07-29T13:15:12.980Z,exact,2026-07-29T14:07:26Z,https://jobs.smartrecruiters.com/BoschGroup/744000140462550
workday:leidos:/job/Indianapolis-IN/Application-Developer-Intern_R-00188193-1,Leidos,Application Developer Intern,Not stated,True,,Internship,,Software,"Indianapolis, IN",citizens-only,79,,Python; JavaScript; SQL; React; HTML/CSS; Flask; AWS; Azure,2026-07-29T00:00:00Z,date_only,2026-07-29T19:13:50Z,https://leidos.wd5.myworkdayjobs.com/External/job/Indianapolis-IN/Application-Developer-Intern_R-00188193-1
ashby:modal:38888294-6bc7-4dab-b072-6d0f0c2ed79a,Modal,ML Research Intern,Not stated,True,,Internship,,Data & ML/AI,New York,unknown,,$15K per month,Git,2026-07-28T22:02:03.674+00:00,exact,2026-07-28T23:15:17Z,https://jobs.ashbyhq.com/modal/38888294-6bc7-4dab-b072-6d0f0c2ed79a
smartrecruiters:BoschGroup:744000140317669,Bosch,ADAS Software Engineering Intern,Not stated,True,,Internship,,Software,"Plymouth, MI, United States",unknown,188,,Python; C++; Computer Vision,2026-07-28T18:08:13.470Z,exact,2026-07-28T18:17:40Z,https://jobs.smartrecruiters.com/BoschGroup/744000140317669
greenhouse:appian:8088496,Appian,Information Security Engineer Intern,Summer 2027,False,,Internship,,Security,"McLean, Virginia",no-sponsorship,44,$50/hr,LLMs,2026-07-27T10:49:22-04:00,exact,2026-07-27T16:20:26Z,https://job-boards.greenhouse.io/appian/jobs/8088496
smartrecruiters:BoschGroup:744000140089589,Bosch,Powertrain Controls Software Engineering Intern (6-Months),Not stated,True,,Internship,,Software,"Farmington Hills, MI, United States",unknown,188,,MATLAB; Linux,2026-07-27T20:32:15.437Z,exact,2026-07-27T20:41:58Z,https://jobs.smartrecruiters.com/BoschGroup/744000140089589
workday:nelnet:/job/Lincoln-NE/Intern-Program---Agentic-AI_R22904,Nelnet,Intern Program - Agentic AI,Not stated,True,,Internship,,Data & ML/AI,"Lincoln, NE",unknown,,,Python; Java; PyTorch; TensorFlow; Pandas,2026-07-27T00:00:00Z,date_only,2026-07-27T16:20:26Z,https://nelnet.wd1.myworkdayjobs.com/MyNelnet/job/Lincoln-NE/Intern-Program---Agentic-AI_R22904
ashby:quadrillion-labs:a4acc44c-31ce-41a0-ab44-2500487b4d05,Quadrillion,Software Engineering Intern (Summer 2027),Summer 2027,False,,Internship,,Software,New York City,unknown,,$4K – $6K per week,Python; Pandas; React,2026-07-24T03:24:43.068+00:00,exact,2026-07-24T05:51:03Z,https://jobs.ashbyhq.com/quadrillion-labs/a4acc44c-31ce-41a0-ab44-2500487b4d05
greenhouse:pdtpartners:8077685,PDT Partners,Summer 2027 Software Engineering Intern,Summer 2027,False,,Internship,,Software,"New York, NY",unknown,4,,,2026-07-24T16:16:09-04:00,exact,2026-07-25T10:40:34Z,https://job-boards.greenhouse.io/pdtpartners/jobs/8077685
smartrecruiters:BoschGroup:744000139649345,Bosch,Autonomous Driving – Internship in Machine Learning,Not stated,True,,Internship,,Data & ML/AI,"Sunnyvale, CA, United States",unknown,188,$34–$68/hr,Python; PyTorch; Azure; Linux,2026-07-24T16:12:25.654Z,exact,2026-07-24T16:37:05Z,https://jobs.smartrecruiters.com/BoschGroup/744000139649345
workday:coreandmain:/job/Saint-Louis-MO-63146/Intern---Data-Engineering----Corp_45804,Core & Main,Intern - AI/ML Data Engineering  -  Onsite - St. Louis,Not stated,True,,Internship,,Data & ML/AI,"Saint Louis, MO 63146",unknown,,,Python; SQL; scikit-learn; Pandas; Azure; Git; Spark; Tableau,2026-07-24T00:00:00Z,date_only,2026-07-24T18:20:47Z,https://coreandmain.wd1.myworkdayjobs.com/coreandmain/job/Saint-Louis-MO-63146/Intern---Data-Engineering----Corp_45804
workday:magna:/job/Troy-Michigan-US/R-D--Computer-Vision-Engineering-Intern_R00253444-1,Magna International,R&D- Computer Vision Engineering Intern,Not stated,True,,Internship,,Data & ML/AI,"Troy, Michigan, US",unknown,141,,Computer Vision; Python; PyTorch; TensorFlow; ROS,2026-07-24T00:00:00Z,date_only,2026-07-24T16:37:05Z,https://magna.wd3.myworkdayjobs.com/Magna/job/Troy-Michigan-US/R-D--Computer-Vision-Engineering-Intern_R00253444-1
greenhouse:appian:8041237,Appian,Software Engineering Intern,Summer 2027,False,,Internship,,Software,"McLean, Virginia",no-sponsorship,44,$50/hr,LLMs,2026-07-23T14:40:08-04:00,exact,2026-07-23T19:12:57Z,https://job-boards.greenhouse.io/appian/jobs/8041237
greenhouse:astranis:4699071006,Astranis,Software Engineer Intern - Enterprise Systems (Fall 2026),Fall 2026,False,,Internship,,Software,"San Francisco, CA",citizens-only,,$29/hr,Python,2026-07-23T18:05:51-04:00,exact,2026-07-23T22:12:04Z,https://job-boards.greenhouse.io/astranis/jobs/4699071006
greenhouse:tenstorrentuniversity:5186916007,Tenstorrent,"Software Engineering Intern, Power Modeling & AI Tools",Not stated,True,,Internship,,Data & ML/AI,"Santa Clara, California, United States",unknown,,$50/hr,Python; SQL; LLMs; Git,2026-07-23T14:30:30-04:00,exact,2026-07-23T19:12:57Z,https://job-boards.greenhouse.io/tenstorrentuniversity/jobs/5186916007
greenhouse:rendezvousrobotics:4328555009,Rendezvous Robotics,Software Engineering Intern (Fall 2026),Fall 2026,False,,Internship,,Software,"Golden, CO",unknown,,,Python; C++; Linux,2026-07-22T15:27:50-04:00,exact,2026-07-29T11:28:56Z,https://job-boards.greenhouse.io/rendezvousrobotics/jobs/4328555009
smartrecruiters:RedBull:744000139168339,Red Bull,"2026 Internship, Fall - Data Science",Fall 2026,False,,Internship,,Data & ML/AI,"Morristown, NJ, United States",unknown,,,SQL,2026-07-22T23:29:11.460Z,exact,2026-08-07T00:49:01Z,https://jobs.smartrecruiters.com/RedBull/744000139168339
workable:pony-dot-ai:4C1F53EF5D,Pony.ai,Research Intern - Deep Learning,Not stated,True,,Internship,,Data & ML/AI,"Fremont, California, United States",unknown,35,,Python; C++; LLMs; CUDA,2026-07-22T00:00:00.000Z,date_only,2026-07-22T21:06:13Z,https://apply.workable.com/pony-dot-ai/j/4C1F53EF5D/
workable:pony-dot-ai:BA5FFDBC71,Pony.ai,Software Engineer Intern - Generalist,Not stated,True,,Internship,,Software,"Fremont, California, United States",unknown,35,,Python; C++,2026-07-22T00:00:00.000Z,date_only,2026-07-22T21:06:13Z,https://apply.workable.com/pony-dot-ai/j/BA5FFDBC71/
workday:moog:/job/Buffalo-NY/Intern--Software-Engineering_R-26-18885-1,Moog,"Intern, Software Engineering",Not stated,True,,Internship,,Software,"Buffalo, NY",unknown,2,,,2026-07-22T00:00:00Z,date_only,2026-07-22T19:12:44Z,https://moog.wd5.myworkdayjobs.com/moog_external_career_site/job/Buffalo-NY/Intern--Software-Engineering_R-26-18885-1
greenhouse:virtu:8624408002,Virtu Financial,2027 Internship - Quantitative Trading,Summer 2027,False,,Internship,,Quant,"Austin, TX; Chicago; New York",unknown,,,Python; Java; C++; SQL,2026-07-21T15:54:04-04:00,exact,2026-08-07T00:49:01Z,https://job-boards.greenhouse.io/virtu/jobs/8624408002
greenhouse:virtu:8624410002,Virtu Financial,2027 Internship - Frontend Engineer (UI),Summer 2027,False,,Internship,,Software,New York,unknown,,,Python; Java; C++; JavaScript,2026-07-21T11:34:18-04:00,exact,2026-07-21T15:52:39Z,https://job-boards.greenhouse.io/virtu/jobs/8657500002
greenhouse:axontalentcommunity:7800617003,Axon,RenderATL 2027 US Software Engineering Internship,Summer 2027,False,,Internship,,Software,"Seattle, Washington, United States",unknown,,,Python; Java; C#; SQL; Scala; Linux,2026-07-20T21:57:41-04:00,exact,2026-07-21T02:57:41Z,https://job-boards.greenhouse.io/axontalentcommunity/jobs/7800617003
greenhouse:axontalentcommunity:7800628003,Axon,US Firmware Engineering Internship,Summer 2027,False,,Internship,,Hardware,"Seattle, Washington, United States",unknown,,,Python; C++; Go; Rust; Linux,2026-07-20T21:57:45-04:00,exact,2026-07-21T02:57:41Z,https://job-boards.greenhouse.io/axontalentcommunity/jobs/7837246003
greenhouse:ctccampusboard:4708188005,Chicago Trading Company,Quant Trading Internship - Summer 2027,Summer 2027,False,,Internship,,Quant,"Chicago, Illinois, United States",unknown,,,Python,2026-07-20T13:38:31-04:00,exact,2026-08-07T00:49:01Z,https://job-boards.greenhouse.io/ctccampusboard/jobs/4708188005
greenhouse:ctccampusboard:4708230005,Chicago Trading Company,Software Engineering Internship - Summer 2027,Summer 2027,False,,Internship,,Software,"Chicago, Illinois, United States",unknown,,,Python; Java; C++,2026-07-20T11:59:16-04:00,exact,2026-07-20T18:11:27Z,https://job-boards.greenhouse.io/ctccampusboard/jobs/4708230005
lever:acds:01fdf41b-a835-4e00-8d01-0275677a8f08,ACDS,AI Operations Intern-Caddell Reynolds,Not stated,True,,Internship,,Data & ML/AI,"Fort Smith, AR",unknown,,15 USD/hr,LLMs,2026-07-20T14:48:11Z,exact,2026-07-20T18:11:27Z,https://jobs.lever.co/acds/01fdf41b-a835-4e00-8d01-0275677a8f08
workday:bcbsla:/job/Corporate---Baton-Rouge-LA/Healthcare-Price-and-Transparency-Data-Analyst-Intern_R11903,Louisiana Blue,Healthcare Price and Transparency Data Analyst Intern,Fall 2026,False,,Internship,,Data & ML/AI,"Corporate - Baton Rouge, LA",unknown,,,SQL; Tableau,2026-07-20T00:00:00Z,date_only,2026-08-07T10:45:44Z,https://bcbsla.wd1.myworkdayjobs.com/Generation_Blue/job/Corporate---Baton-Rouge-LA/Healthcare-Price-and-Transparency-Data-Analyst-Intern_R11903
workday:copart:/job/Dallas-TX---Headquarters/Software-Engineering-Intern_JR110079,Copart,Software Engineering Intern,Not stated,True,,Internship,,Software,"Dallas, TX - Headquarters",unknown,83,,Python; Java; TypeScript; JavaScript; SQL; LLMs; React; Next.js,2026-07-20T00:00:00Z,date_only,2026-07-27T06:47:27Z,https://copart.wd12.myworkdayjobs.com/copart/job/Dallas-TX---Headquarters/Software-Engineering-Intern_JR110079
ashby:deepgram:dc8693b5-72ce-4ca3-ab15-9c8434d35da1,Deepgram,Software Engineering- Internship (Fall 2026/Summer 2027),Summer 2027,False,Summer 2027; Fall 2026,Internship,yes,Software,USA | Remote,unknown,2,$55 – $65 per hour,LLMs,2026-07-17T16:00:27.132+00:00,exact,2026-07-17T17:19:36Z,https://jobs.ashbyhq.com/deepgram/dc8693b5-72ce-4ca3-ab15-9c8434d35da1
workday:intel:/job/US-Arizona-Phoenix/AI-Software-Engineering-Intern_JR0282641,Intel,AI Software Engineering Intern,Not stated,True,,Internship,,Data & ML/AI,"US, Arizona, Phoenix",unknown,4758,,Python; C++; PyTorch; TensorFlow; Computer Vision; CUDA,2026-07-17T00:00:00Z,date_only,2026-07-17T19:18:44Z,https://intel.wd1.myworkdayjobs.com/external/job/US-Arizona-Phoenix/AI-Software-Engineering-Intern_JR0282641
workday:moog:/job/Buffalo-NY/Intern--IT-Computer-Science---Data-Analytics_R-26-17145,Moog,"Intern, IT Computer Science - Data Analytics",Fall 2026,False,,Internship,,Data & ML/AI,"Buffalo, NY",unknown,2,,,2026-07-16T00:00:00Z,date_only,2026-07-16T15:47:55Z,https://moog.wd5.myworkdayjobs.com/moog_external_career_site/job/Buffalo-NY/Intern--IT-Computer-Science---Data-Analytics_R-26-17145
greenhouse:oldmissioncapital:7796180003,Old Mission Capital,Software Engineer – 2027 Internship Program (June Start),Summer 2027,False,,Internship,,Software,"Chicago, IL, United States",unknown,8,,Python; C++; TypeScript,2026-07-15T13:45:13-04:00,exact,2026-08-02T22:34:22Z,https://www.oldmissioncapital.com/careers/?gh_jid=7796180003
greenhouse:thetradedesk:5187605007,The Trade Desk,2027 North America Software Engineering Internship,Summer 2027,False,,Internship,,Software,Bellevue; Boulder; Denver; Irvine; New York; Seattle,unknown,43,,,2026-07-15T11:53:11-04:00,exact,2026-07-15T17:24:53Z,https://job-boards.greenhouse.io/thetradedesk/jobs/5187605007
workable:wallstreetquants:494E392FD3,WallStreetQuants,Quantitative Researcher - Internship,Not stated,True,,Internship,,Quant,"New York, New York, United States",unknown,,,Python; SQL; scikit-learn; Pandas,2026-07-15T00:00:00.000Z,date_only,2026-08-08T10:22:30Z,https://apply.workable.com/wallstreetquants/j/494E392FD3/
workable:wallstreetquants:8CB119E789,WallStreetQuants,Quantitative Trading Intern,Not stated,True,,Internship,,Quant,"Miami, Florida, United States",unknown,,,Python,2026-07-15T00:00:00.000Z,date_only,2026-08-08T10:22:30Z,https://apply.workable.com/wallstreetquants/j/8CB119E789/
workday:tencent:/job/US-California-Palo-Alto/Research-Intern---Video-World-Models--Research---ML-Systems-_R107752-1,Tencent,Research Intern – Video World Models (Research & ML Systems),Not stated,True,,Internship,,Data & ML/AI,US-California-Palo Alto,unknown,,$124.8k/yr,Python; PyTorch; LLMs; CUDA,2026-07-15T00:00:00Z,date_only,2026-07-16T07:39:11Z,https://tencent.wd1.myworkdayjobs.com/Tencent_Careers/job/US-California-Palo-Alto/Research-Intern---Video-World-Models--Research---ML-Systems-_R107752-1
greenhouse:fiveringsllc:5139668008,Five Rings,Summer Intern 2027 - Quantitative Trader,Summer 2027,False,,Internship,,Quant,New York,unknown,7,,,2026-07-14T13:48:21-04:00,exact,2026-08-07T00:49:01Z,https://job-boards.greenhouse.io/fiveringsllc/jobs/5139668008
greenhouse:fiveringsllc:5349707008,Five Rings,Summer Intern 2027 - Software Developer,Summer 2027,False,,Internship,,Software,New York,unknown,7,,Python; C++; Linux,2026-07-14T13:51:03-04:00,exact,2026-07-14T19:27:53Z,https://job-boards.greenhouse.io/fiveringsllc/jobs/5349707008
greenhouse:akunacapital:8018847,Akuna Capital,"Software Engineer Intern - C++, Summer 2027",Summer 2027,False,,Internship,,Software,"Chicago, IL",unknown,40,,C++; Python,2026-07-13T14:41:20-04:00,exact,2026-07-13T19:44:33Z,https://www.akunacapital.com/careers/job/8018847/?gh_jid=8018847
greenhouse:akunacapital:8018853,Akuna Capital,"Software Engineer Intern - Python, Summer 2027",Summer 2027,False,,Internship,,Software,"Chicago, IL",unknown,40,,Python,2026-07-13T14:21:39-04:00,exact,2026-07-13T19:44:33Z,https://www.akunacapital.com/careers/job/8018853/?gh_jid=8018853
greenhouse:akunacapital:8018856,Akuna Capital,"Platform Engineer Intern, Summer 2027",Summer 2027,False,,Internship,,Software,"Chicago, IL",unknown,40,,AWS; Kubernetes,2026-07-13T14:21:52-04:00,exact,2026-07-13T19:44:33Z,https://www.akunacapital.com/careers/job/8018856/?gh_jid=8018856
greenhouse:akunacapital:8018886,Akuna Capital,"Software Engineer Intern - C# .NET Desktop, Summer 2027",Summer 2027,False,,Internship,,Software,"Chicago, IL",unknown,40,,C#; .NET; Git,2026-07-13T14:21:28-04:00,exact,2026-07-13T19:44:33Z,https://www.akunacapital.com/careers/job/8018886/?gh_jid=8018886
greenhouse:akunacapital:8018893,Akuna Capital,"Software Engineer Intern - Full Stack Web, Summer 2027",Summer 2027,False,,Internship,,Software,"Chicago, IL",unknown,40,,Python; TypeScript; JavaScript; React; HTML/CSS; Linux; Git,2026-07-13T14:21:34-04:00,exact,2026-07-13T19:44:33Z,https://www.akunacapital.com/careers/job/8018893/?gh_jid=8018893
greenhouse:akunacapital:8036614,Akuna Capital,"Quantitative Research Intern, Summer 2027",Summer 2027,False,,Internship,,Quant,"Chicago, IL",unknown,40,,Python,2026-07-13T14:28:45-04:00,exact,2026-08-07T00:49:01Z,https://www.akunacapital.com/careers/job/8036614/?gh_jid=8036614
greenhouse:drweng:7668776,DRW,Quantitative Trading Analyst Intern,Not stated,True,,Internship,,Quant,"Chicago, Illinois",unknown,31,,Python,2026-07-13T10:34:56-04:00,exact,2026-08-07T00:49:01Z,https://job-boards.greenhouse.io/drweng/jobs/7668776
greenhouse:drweng:7818540,DRW,Quantitative Research Intern,Not stated,True,,Internship,,Quant,"Chicago, New York City",unknown,31,,Python; scikit-learn; Pandas,2026-07-13T10:32:14-04:00,exact,2026-08-07T00:49:01Z,https://job-boards.greenhouse.io/drweng/jobs/7818540
greenhouse:wehrtyou:7964062,Hudson River Trading,Algorithm Development (Quant Research & Trading) Internship – Summer 2027,Summer 2027,False,,Internship,,Quant,"London, United Kingdom; New York, NY, United States; Singapore",unknown,29,,Python; C++; MATLAB; Pandas,2026-07-13T11:39:48-04:00,exact,2026-08-07T00:49:01Z,https://www.hudsonrivertrading.com/careers/job/?gh_jid=7964062
greenhouse:wehrtyou:8052083,Hudson River Trading,Software Engineering Internship (C++ or Python) – Summer 2027,Summer 2027,False,,Internship,,Software,"Austin, TX, United States; Chicago, Illinois, United States; London, United Kingdom; New York, NY, United States; Singapore",unknown,29,,Python; C++,2026-07-13T11:35:06-04:00,exact,2026-07-13T18:00:59Z,https://www.hudsonrivertrading.com/careers/job/?gh_jid=8052083
lever:xsolla:1c0e5375-2352-4a2c-a816-48ddebbdd3d6,Xsolla,AI-First Engineering Intern,Not stated,True,,Internship,,Data & ML/AI,"Los Angeles, United States",unknown,,20–25 USD/hr,Git,2026-07-10T17:32:27Z,exact,2026-07-16T07:39:11Z,https://jobs.lever.co/xsolla/1c0e5375-2352-4a2c-a816-48ddebbdd3d6
lever:xsolla:5d5fd6b3-d82f-437a-b251-abf4674ac874,Xsolla,AI-First Engineering Intern,Not stated,True,,Internship,,Data & ML/AI,"Raleigh, United States",unknown,,20–25 USD/hr,Git,2026-07-10T17:33:56Z,exact,2026-07-27T06:47:27Z,https://jobs.lever.co/xsolla/5d5fd6b3-d82f-437a-b251-abf4674ac874
greenhouse:flowtraders:8047166,Flow Traders,Quantitative Trading Intern Summer 2027,Summer 2027,False,,Internship,,Quant,New York,unknown,,,,2026-07-08T15:27:38-04:00,exact,2026-08-07T00:49:01Z,https://job-boards.greenhouse.io/flowtraders/jobs/8047166
greenhouse:jumptrading:7848371,Jump Trading,Campus Quantitative Trader (Intern),Not stated,True,,Internship,,Quant,Chicago; New York,unknown,57,$300k/yr,,2026-07-08T17:35:47-04:00,exact,2026-08-07T00:49:01Z,https://www.jumptrading.com/hr/job?gh_jid=7848371
greenhouse:jumptrading:7982648,Jump Trading,"Campus Quantitative Researcher, UG/MS (Intern)",Not stated,True,,Internship,,Quant,Chicago; New York,offers,57,$300k/yr,Python; C++,2026-07-08T17:35:58-04:00,exact,2026-08-07T00:49:01Z,https://www.jumptrading.com/hr/job?gh_jid=7982648
greenhouse:jumptrading:8052281,Jump Trading,Campus AI Research Engineer (Intern),Not stated,True,,Internship,,Data & ML/AI,Chicago; New York,offers,57,$300k/yr,Python; C++; PyTorch; TensorFlow; CUDA,2026-07-08T17:36:47-04:00,exact,2026-07-16T07:39:11Z,https://www.jumptrading.com/hr/job?gh_jid=8052281
greenhouse:jumptrading:8052338,Jump Trading,Campus AI Research Engineer - Deep Learning (Intern),Not stated,True,,Internship,,Data & ML/AI,Chicago; New York,offers,57,$300k/yr,Python; C++; PyTorch; TensorFlow; CUDA,2026-07-08T17:37:20-04:00,exact,2026-07-16T07:39:11Z,https://www.jumptrading.com/hr/job?gh_jid=8052338
greenhouse:jumptrading:8052351,Jump Trading,Campus AI Research Engineer – Research Automation (Intern),Not stated,True,,Internship,,Data & ML/AI,Chicago; New York,offers,57,$300k/yr,Python; C++; PyTorch; TensorFlow; CUDA,2026-07-08T17:37:50-04:00,exact,2026-07-16T07:39:11Z,https://www.jumptrading.com/hr/job?gh_jid=8052351
greenhouse:towerresearchcapital:8024128,Tower Research Capital,Quantitative Trader/Researcher Intern - Summer 2027,Summer 2027,False,,Internship,,Quant,"New York, Chicago",unknown,38,,Python; C++; Linux,2026-07-05T17:48:24-04:00,exact,2026-08-07T00:49:01Z,https://www.tower-research.com/open-positions/?gh_jid=8024128
greenhouse:towerresearchcapital:8044334,Tower Research Capital,Quantitative Developer Intern - Summer 2027,Summer 2027,False,,Internship,,Quant,"New York, Chicago",unknown,38,,Python; C++; Linux,2026-07-05T17:48:21-04:00,exact,2026-07-05T23:08:17Z,https://www.tower-research.com/open-positions/?gh_jid=8044334
greenhouse:imc:4823923101,IMC Trading,Quantitative Trader Intern - Summer 2027,Summer 2027,False,,Internship,,Quant,"Chicago, United States",unknown,13,,Python; MATLAB,2026-07-01T13:11:12-04:00,exact,2026-08-07T00:49:01Z,https://job-boards.eu.greenhouse.io/imc/jobs/4823923101
greenhouse:imc:4823924101,IMC Trading,Software Engineer Intern - Summer 2027,Summer 2027,False,,Internship,,Software,"Chicago, United States",unknown,13,,Java; C++,2026-07-01T13:11:54-04:00,exact,2026-07-01T20:55:33Z,https://job-boards.eu.greenhouse.io/imc/jobs/4823924101
greenhouse:imc:4907399101,IMC Trading,Quantitative Research Intern (BS/MS) - Summer 2027,Summer 2027,False,,Internship,,Quant,"Chicago, United States",unknown,13,,Python; C++,2026-07-01T13:18:55-04:00,exact,2026-08-07T00:49:01Z,https://job-boards.eu.greenhouse.io/imc/jobs/4907399101
greenhouse:imc:4907430101,IMC Trading,Machine Learning Research Intern - Summer 2027 - Chicago,Summer 2027,False,,Internship,,Data & ML/AI,"Chicago, United States",unknown,13,,Python; PyTorch; TensorFlow,2026-07-01T13:18:38-04:00,exact,2026-07-01T20:55:33Z,https://job-boards.eu.greenhouse.io/imc/jobs/4907430101
workday:nvidia:/job/US-CA-Santa-Clara/Applied-Research-Intern--NLP---Fall-2026_JR2010488,NVIDIA,"Applied Research Intern, NLP - Fall 2026",Fall 2026,False,,Internship,,Data & ML/AI,"US, CA, Santa Clara",unknown,1526,,Python; PyTorch,2026-07-01T00:00:00Z,date_only,2026-07-02T18:48:20Z,https://nvidia.wd5.myworkdayjobs.com/NVIDIAExternalCareerSite/job/US-CA-Santa-Clara/Applied-Research-Intern--NLP---Fall-2026_JR2010488
ashby:junior:23ee686b-d305-4ac9-860d-16c99ddb4891,Junior,Software Engineering Intern — Fall 2026,Fall 2026,False,,Internship,,Software,New York City,citizens-only,,$40/hr,TypeScript; JavaScript; LLMs; Next.js,2026-06-30T18:51:50.247+00:00,exact,2026-07-13T11:18:44Z,https://jobs.ashbyhq.com/junior/23ee686b-d305-4ac9-860d-16c99ddb4891
greenhouse:figureai:4691070006,Figure,Firmware Intern [Fall 2026],Fall 2026,False,,Internship,,Hardware,"San Jose, CA",unknown,,$40–$45/hr,Python; C++,2026-06-22T14:13:34-04:00,exact,2026-06-30T12:14:22Z,https://job-boards.greenhouse.io/figureai/jobs/4691070006
workday:copart:/job/Dallas-TX---Headquarters/Software-Engineering-Intern_JR109441,Copart,Software Engineering Intern,Not stated,True,,Internship,,Software,"Dallas, TX - Headquarters",unknown,83,,Java; SQL; Spring; Kafka; Redis,2026-06-18T00:00:00Z,date_only,2026-07-16T07:39:11Z,https://copart.wd12.myworkdayjobs.com/copart/job/Dallas-TX---Headquarters/Software-Engineering-Intern_JR109441
lever:solopulseco:00fbde18-a387-4c9f-97d4-77059aec7b56,SoloPulse,Software Engineer Intern/Co-Op - Fall 2026,Fall 2026,False,,Internship / Co-op,,Software,"Peachtree Corners, GA",unknown,,,Python; C++; PyTorch; CUDA,2026-06-16T18:53:22Z,exact,2026-06-30T12:14:22Z,https://jobs.lever.co/solopulseco/00fbde18-a387-4c9f-97d4-77059aec7b56
greenhouse:voloridgeinvestmentmanagement:4224862009,Voloridge,Quantitative Developer Intern 2027,Summer 2027,False,,Internship,,Quant,"Jupiter, FL",unknown,,,Python; C++; C#; SQL,2026-06-11T09:46:12-04:00,exact,2026-07-20T10:59:21Z,https://job-boards.greenhouse.io/voloridgeinvestmentmanagement/jobs/4224862009
greenhouse:voloridgeinvestmentmanagement:4226247009,Voloridge,Quantitative Research Intern 2027,Summer 2027,False,,Internship,,Quant,"Jupiter, FL",unknown,,,Python,2026-06-11T10:40:18-04:00,exact,2026-08-07T00:49:01Z,https://job-boards.greenhouse.io/voloridgeinvestmentmanagement/jobs/4226247009
greenhouse:andurilindustries:5148079007,Anduril,2027 Software Engineer Intern,Summer 2027,False,,Internship,,Software,"Atlanta, Georgia, United States; Boston, Massachusetts, United States; Broomfield, Colorado, United States; Colorado Springs, Colorado, United States; Costa Mesa, California, United States; Fort Collins, Colorado, United States; Irvine, California, United States; Reston, Virginia, United States; Seattle, Washington, United States",citizens-only,,,Python; Java; C++; Rust; Computer Vision,2026-06-10T19:33:06-04:00,exact,2026-06-30T12:22:43Z,https://boards.greenhouse.io/andurilindustries/jobs/5148079007?gh_jid=5148079007
ashby:beaconsoftware:2452d342-a069-4eda-adbe-9df296808ca1,Beacon Software,Software Engineering Intern,Fall 2026,False,,Internship,,Software,"San Francisco, CA",unknown,,,Python; TypeScript; LLMs; dbt; Databricks; Snowflake; PostgreSQL,2026-06-02T00:08:18.727+00:00,exact,2026-07-16T07:39:11Z,https://jobs.ashbyhq.com/beaconsoftware/2452d342-a069-4eda-adbe-9df296808ca1
greenhouse:walleyecapital-external-students:4679168006,Walleye Capital,Quantic – Quantitative Developer Intern (Summer 2027),Summer 2027,False,,Internship,,Quant,"Boston, MA",unknown,,,Python; Bash; PyTorch; TensorFlow; scikit-learn; LLMs; Linux,2026-06-01T07:17:40-04:00,exact,2026-06-30T12:14:22Z,https://job-boards.greenhouse.io/walleyecapital-external-students/jobs/4679168006
greenhouse:astranis:4681183006,Astranis,Software Engineer- Backend Intern (Fall 2026),Fall 2026,False,,Internship,,Software,"San Francisco, CA",citizens-only,,$29/hr,Python; Kubernetes; PostgreSQL,2026-05-13T16:07:31-04:00,exact,2026-06-30T12:14:22Z,https://job-boards.greenhouse.io/astranis/jobs/4681183006
amazon:amazon:10412530,Amazon,"Software Development Engineer Intern, AWS Data Services - Fall 2026 (US)",Fall 2026,False,,Internship,,Data & ML/AI,"Seattle, Washington, USA",unknown,23139,,AWS; Python; Java; C++; C#; Rust; TypeScript; SQL,2026-05-06T00:00:00Z,date_only,2026-06-30T17:50:48Z,https://www.amazon.jobs/en/jobs/10412530/software-development-engineer-intern-aws-data-services-fall-2026-us
lever:hermeus:a3a1f0ea-6a4f-42e5-81c8-3b34dac22a67,Hermeus,Software Engineering Intern (Command & Control) - Fall 2026,Fall 2026,False,,Internship,,Software,"Atlanta, GA",citizens-only,,25–33 USD/hr,C++; TypeScript; JavaScript; React; Angular,2026-04-01T03:02:00Z,exact,2026-06-30T12:14:22Z,https://jobs.lever.co/hermeus/a3a1f0ea-6a4f-42e5-81c8-3b34dac22a67
workday:motorolasolutions:/job/Irvine-CA/Intern---Embedded-Software--System--and-Test-Engineer---2026_R62372,Motorola,"Intern - Embedded Software, System, and Test Engineer - 2026",Fall 2026,False,,Internship,,Software,"Irvine, CA",citizens-only,,,,2026-03-30T00:00:00Z,date_only,2026-07-01T20:55:33Z,https://motorolasolutions.wd5.myworkdayjobs.com/Careers/job/Irvine-CA/Intern---Embedded-Software--System--and-Test-Engineer---2026_R62372
ashby:ellipsislabs:02136b22-35b1-4b3d-8bef-567c3380a849,Ellipsis Labs,Software Engineer - 2027 Interns,Summer 2027,False,,Internship,,Software,"New York, New York",unknown,,$10K per month,Python; Java; C++; Rust; TypeScript; JavaScript; React; Docker,2026-03-26T19:40:01.700+00:00,exact,2026-06-30T12:14:22Z,https://jobs.ashbyhq.com/ellipsislabs/02136b22-35b1-4b3d-8bef-567c3380a849
lever:hermeus:51378fa0-0327-45fd-9420-b6e7d8b56440,Hermeus,Flight Software Engineering Intern - Fall 2026,Fall 2026,False,,Internship,,Software,"Atlanta, GA",citizens-only,,25–33 USD/hr,C++,2026-03-04T23:43:47Z,exact,2026-06-30T12:14:22Z,https://jobs.lever.co/hermeus/51378fa0-0327-45fd-9420-b6e7d8b56440
amazon:amazon:3136266,Amazon,Robotics - Software Development Engineer Intern/Co-op - 2026,Fall 2026,False,,Internship / Co-op,,Hardware,"Westboro, Massachusetts, USA",unknown,23139,,Python; Java; C++; C#; Rust; TypeScript; SQL; LLMs,2025-12-03T00:00:00Z,date_only,2026-06-30T17:50:48Z,https://www.amazon.jobs/en/jobs/3136266/robotics-software-development-engineer-intern-co-op-2026
amazon:amazon:3132414,Amazon,"Amazon Industrial Robotics - Applied Scientist II Intern / Co-op - 2026, Amazon Industrial Robotics",Fall 2026,False,,Internship / Co-op,,Data & ML/AI,"North Reading, Massachusetts, USA",unknown,23139,$65.38/hr,Python; Java; C++; LLMs; Computer Vision,2025-11-25T00:00:00Z,date_only,2026-06-30T17:50:48Z,https://www.amazon.jobs/en/jobs/3132414/amazon-industrial-robotics-applied-scientist-ii-intern-co-op-2026-amazon-industrial-robotics
amazon:amazon:3116030,Amazon,Software Development Engineer Internship - Fall 2026 (US),Fall 2026,False,,Internship,,Software,"Seattle, Washington, USA",unknown,23139,,Python; Java; C++; C#; Rust; TypeScript; SQL; LLMs,2025-10-27T00:00:00Z,date_only,2026-06-30T17:50:48Z,https://www.amazon.jobs/en/jobs/3116030/software-development-engineer-internship-fall-2026-us
amazon:amazon:3104589,Amazon,"Robotics - Applied Scientist II Intern / Co-op - 2026 (Robotics, Manipulation, Perception, Motion Planning, Autonomous Mobile Robots, Computer Vision, Machine Learning, Controls, and more)",Fall 2026,False,,Internship / Co-op,,Data & ML/AI,"North Reading, Massachusetts, USA",unknown,23139,,Computer Vision; Python; Java; C++; LLMs,2025-10-08T00:00:00Z,date_only,2026-06-30T17:50:48Z,https://www.amazon.jobs/en/jobs/3104589/robotics-applied-scientist-ii-intern-co-op-2026-robotics-manipulation-perception-motion-planning-autonomous-mobile-robots-computer-vision-machine-learning-controls-and-more
greenhouse:virtu:8142539002,Virtu Financial,2027 Internship - Quantitative Researcher (Undergrad),Summer 2027,False,,Internship,,Quant,New York,unknown,,,Python; C++; Pandas,2025-09-12T07:14:41-04:00,exact,2026-08-07T00:49:01Z,https://job-boards.greenhouse.io/virtu/jobs/8142539002
greenhouse:point72:7297642002,Point72,Summer 2027 Quantitative Research Internship,Summer 2027,False,,Internship,,Quant,New York,unknown,48,,Python; C++,2024-08-15T17:28:38-04:00,exact,2026-08-07T00:49:01Z,https://boards.greenhouse.io/point72/jobs/7297642002?gh_jid=7297642002
